{
	"format_version": "1.21.6",
	"credit": "Made with Blockbench",
	"texture_size": [64, 64],
	"textures": {
		"particle": "entity/decorated_pot/decorated_pot_side"
	},
	"elements": [
		{
			"name": "right",
			"from": [0.99, 4, 1],
			"to": [0.99, 15, 15],
			"faces": {
				"west": {"uv": [0, 13.25, 3.5, 16], "texture": "#missing"}
			}
		},
		{
			"name": "left",
			"from": [15.01, 4, 1],
			"to": [15.01, 15, 15],
			"faces": {
				"east": {"uv": [7, 0, 10.5, 2.75], "texture": "#missing"}
			}
		},
		{
			"name": "back",
			"from": [1, 4, 15.01],
			"to": [15, 15, 15.01],
			"faces": {
				"south": {"uv": [7, 2.75, 10.5, 5.5], "texture": "#missing"}
			}
		},
		{
			"name": "front",
			"from": [1, 4, 0.99],
			"to": [15, 15, 0.99],
			"rotation": {"angle": 0, "axis": "y", "origin": [8, 0, 8]},
			"faces": {
				"north": {"uv": [3.5, 13.25, 7, 16], "texture": "#missing"}
			}
		},
		{
			"name": "bottom",
			"from": [3, 0, 3],
			"to": [13, 4, 13],
			"faces": {
				"north": {"uv": [9, 12, 11.5, 13], "texture": "#missing"},
				"east": {"uv": [11.5, 12, 14, 13], "texture": "#missing"},
				"south": {"uv": [0, 12.5, 2.5, 13.5], "texture": "#missing"},
				"west": {"uv": [2.5, 12.5, 5, 13.5], "texture": "#missing"},
				"up": {"uv": [13, 2.5, 10.5, 0], "texture": "#missing"},
				"down": {"uv": [13, 2.5, 10.5, 5], "texture": "#missing"}
			}
		},
		{
			"name": "top",
			"from": [1, 4, 1],
			"to": [15, 15, 15],
			"faces": {
				"north": {"uv": [7, 5.5, 10.5, 8.25], "texture": "#missing"},
				"east": {"uv": [7, 8.25, 10.5, 11], "texture": "#missing"},
				"south": {"uv": [0, 9.75, 3.5, 12.5], "texture": "#missing"},
				"west": {"uv": [3.5, 9.75, 7, 12.5], "texture": "#missing"},
				"up": {"uv": [3.5, 3.5, 0, 0], "texture": "#missing"},
				"down": {"uv": [3.5, 3.5, 0, 7], "texture": "#missing"}
			}
		},
		{
			"name": "top",
			"from": [1, 4, 1],
			"to": [15, 4, 15],
			"faces": {
				"up": {"uv": [7, 3.5, 3.5, 0], "texture": "#missing"},
				"down": {"uv": [7, 3.5, 3.5, 7], "texture": "#missing"}
			}
		},
		{
			"name": "neck",
			"from": [4, 15, 4],
			"to": [12, 17, 12],
			"rotation": {"angle": 0, "axis": "y", "origin": [8, 0, 8]},
			"faces": {
				"north": {"uv": [5, 12.5, 7, 13], "texture": "#missing"},
				"east": {"uv": [13, 0, 15, 0.5], "texture": "#missing"},
				"south": {"uv": [13, 0.5, 15, 1], "texture": "#missing"},
				"west": {"uv": [13, 1, 15, 1.5], "texture": "#missing"},
				"up": {"uv": [12.5, 12, 10.5, 10], "texture": "#missing"},
				"down": {"uv": [9, 11, 7, 13], "texture": "#missing"}
			}
		},
		{
			"name": "neck",
			"from": [3.1, 17.1, 3.1],
			"to": [12.9, 18.9, 12.9],
			"rotation": {"angle": 0, "axis": "y", "origin": [8, 0, 8]},
			"faces": {
				"north": {"uv": [12.5, 10, 15, 10.5], "texture": "#missing"},
				"east": {"uv": [12.5, 10.5, 15, 11], "texture": "#missing"},
				"south": {"uv": [12.5, 11, 15, 11.5], "texture": "#missing"},
				"west": {"uv": [12.5, 11.5, 15, 12], "texture": "#missing"},
				"up": {"uv": [13, 7.5, 10.5, 5], "texture": "#missing"},
				"down": {"uv": [13, 7.5, 10.5, 10], "texture": "#missing"}
			}
		}
	],
	"gui_light": "front",
	"display": {
		"thirdperson_righthand": {
			"rotation": [0, 90, 0],
			"translation": [0, 2, 0.5],
			"scale": [0.375, 0.375, 0.375]
		},
		"firstperson_righthand": {
			"rotation": [0, 90, 0],
			"scale": [0.375, 0.375, 0.375]
		},
		"ground": {
			"translation": [0, 1, 0],
			"scale": [0.25, 0.25, 0.25]
		},
		"gui": {
			"rotation": [30, 45, 0],
			"scale": [0.6, 0.6, 0.6]
		},
		"head": {
			"rotation": [0, -180, 0],
			"translation": [0, 16, 0],
			"scale": [1.5, 1.5, 1.5]
		},
		"fixed": {
			"rotation": [0, -180, 0],
			"scale": [0.5, 0.5, 0.5]
		}
	},
	"groups": [
		{
			"name": "right",
			"origin": [-7, 16, -7],
			"rotation": [0, 90, 0],
			"color": 0,
			"children": [0]
		},
		{
			"name": "left",
			"origin": [7, 16, 7],
			"rotation": [0, -90, 0],
			"color": 0,
			"children": [1]
		},
		{
			"name": "back",
			"origin": [-7, 16, 7],
			"rotation": [0, -180, 0],
			"color": 0,
			"children": [2]
		},
		{
			"name": "front",
			"origin": [7, 16, -7],
			"color": 0,
			"children": [3]
		},
		{
			"name": "bottom",
			"origin": [7, 0, 7],
			"rotation": [-180, 0, 0],
			"color": 0,
			"children": [4]
		},
		{
			"name": "top",
			"origin": [7, 16, 7],
			"rotation": [-180, 0, 0],
			"color": 0,
			"children": [5, 6]
		},
		{
			"name": "neck",
			"origin": [8, 37, -8],
			"color": 0,
			"children": [7, 8]
		}
	]
}