{
	"format_version": "1.21.6",
	"credit": "Made with Blockbench",
	"textures": {
		"0": "block/moss_block",
		"1": "block/moss_side",
		"particle": "block/moss_block"
	},
	"elements": [
		{
			"from": [0, 0, 0],
			"to": [16, 1, 16],
			"faces": {
				"north": {"uv": [0, 0, 16, 1], "texture": "#0"},
				"east": {"uv": [0, 0, 16, 1], "texture": "#0"},
				"south": {"uv": [0, 0, 16, 1], "texture": "#0"},
				"west": {"uv": [0, 0, 16, 1], "texture": "#0"},
				"up": {"uv": [0, 0, 16, 16], "texture": "#0"},
				"down": {"uv": [0, 0, 16, 16], "texture": "#0"}
			}
		},
		{
			"from": [15, -2, -0.5],
			"to": [16, 1, -0.5],
			"rotation": {"angle": 0, "axis": "y", "origin": [0, 0, -1]},
			"faces": {
				"north": {"uv": [0, 0, 1, 3], "texture": "#1"}
			}
		},
		{
			"from": [11, -1, -0.5],
			"to": [13, 1, -0.5],
			"rotation": {"angle": 0, "axis": "y", "origin": [-3, 0, -1]},
			"faces": {
				"north": {"uv": [3, 0, 5, 2], "texture": "#1"}
			}
		},
		{
			"from": [13, -3, -0.5],
			"to": [15, 0, -0.5],
			"rotation": {"angle": 0, "axis": "y", "origin": [-1, -1, -1]},
			"faces": {
				"north": {"uv": [1, 1, 3, 4], "texture": "#1"}
			}
		},
		{
			"from": [8, -3, -0.5],
			"to": [12, -1, -0.5],
			"rotation": {"angle": 0, "axis": "y", "origin": [-3, -2, -1]},
			"faces": {
				"north": {"uv": [4, 2, 8, 4], "texture": "#1"}
			}
		},
		{
			"from": [12, -4, -0.5],
			"to": [13, -2, -0.5],
			"rotation": {"angle": 0, "axis": "y", "origin": [-2, -3, -1]},
			"faces": {
				"north": {"uv": [3, 3, 4, 5], "texture": "#1"}
			}
		},
		{
			"from": [10, -1, -0.5],
			"to": [11, 0, -0.5],
			"rotation": {"angle": 0, "axis": "y", "origin": [-3, -1, -1]},
			"faces": {
				"north": {"uv": [5, 1, 6, 2], "texture": "#1"}
			}
		},
		{
			"from": [6, -4, -0.5],
			"to": [10, -3, -0.5],
			"rotation": {"angle": 0, "axis": "y", "origin": [-5, -4, -1]},
			"faces": {
				"north": {"uv": [6, 4, 10, 5], "texture": "#1"}
			}
		},
		{
			"from": [10, -5, -0.5],
			"to": [11, -3, -0.5],
			"rotation": {"angle": 0, "axis": "y", "origin": [-4, -4, -1]},
			"faces": {
				"north": {"uv": [5, 4, 6, 6], "texture": "#1"}
			}
		},
		{
			"from": [7, -5, -0.5],
			"to": [9, -4, -0.5],
			"rotation": {"angle": 0, "axis": "y", "origin": [-5, -5, -1]},
			"faces": {
				"north": {"uv": [7, 5, 9, 6], "texture": "#1"}
			}
		},
		{
			"from": [4, -1, -0.5],
			"to": [8, 0, -0.5],
			"rotation": {"angle": 0, "axis": "y", "origin": [-6, -1, -1]},
			"faces": {
				"north": {"uv": [8, 1, 12, 2], "texture": "#1"}
			}
		},
		{
			"from": [4, 0, -0.5],
			"to": [7, 1, -0.5],
			"rotation": {"angle": 0, "axis": "y", "origin": [-6, 0, -1]},
			"faces": {
				"north": {"uv": [9, 0, 12, 1], "texture": "#1"}
			}
		},
		{
			"from": [5, -3, -0.5],
			"to": [6, -1, -0.5],
			"rotation": {"angle": 0, "axis": "y", "origin": [-6, -3, -1]},
			"faces": {
				"north": {"uv": [10, 2, 11, 4], "texture": "#1"}
			}
		},
		{
			"from": [0, -2, -0.5],
			"to": [5, -1, -0.5],
			"rotation": {"angle": 0, "axis": "y", "origin": [-7, -3, -1]},
			"faces": {
				"north": {"uv": [11, 2, 16, 3], "texture": "#1"}
			}
		},
		{
			"from": [3, -3, -0.5],
			"to": [4, -2, -0.5],
			"rotation": {"angle": 0, "axis": "y", "origin": [-10, -3, -1]},
			"faces": {
				"north": {"uv": [12, 3, 13, 4], "texture": "#1"}
			}
		},
		{
			"from": [1, -3, -0.5],
			"to": [2, -2, -0.5],
			"rotation": {"angle": 0, "axis": "y", "origin": [-12, -3, -1]},
			"faces": {
				"north": {"uv": [12, 3, 13, 4], "texture": "#1"}
			}
		},
		{
			"from": [0, -1, -0.5],
			"to": [3, 0, -0.5],
			"rotation": {"angle": 0, "axis": "y", "origin": [-7, -2, -1]},
			"faces": {
				"north": {"uv": [13, 1, 16, 2], "texture": "#1"}
			}
		},
		{
			"from": [0, 0, -0.5],
			"to": [1, 1, -0.5],
			"rotation": {"angle": 0, "axis": "y", "origin": [-7, -1, -1]},
			"faces": {
				"north": {"uv": [15, 0, 16, 1], "texture": "#1"}
			}
		},
		{
			"from": [0, -2, 16.5],
			"to": [1, 1, 16.5],
			"rotation": {"angle": 0, "axis": "y", "origin": [8, -2, 16]},
			"faces": {
				"south": {"uv": [0, 0, 1, 3], "texture": "#1"}
			}
		},
		{
			"from": [3, -1, 16.5],
			"to": [5, 1, 16.5],
			"rotation": {"angle": 0, "axis": "y", "origin": [8, -2, 16]},
			"faces": {
				"south": {"uv": [3, 0, 5, 2], "texture": "#1"}
			}
		},
		{
			"from": [1, -3, 16.5],
			"to": [3, 0, 16.5],
			"rotation": {"angle": 0, "axis": "y", "origin": [8, -2, 16]},
			"faces": {
				"south": {"uv": [1, 1, 3, 4], "texture": "#1"}
			}
		},
		{
			"from": [4, -3, 16.5],
			"to": [8, -1, 16.5],
			"rotation": {"angle": 0, "axis": "y", "origin": [8, -2, 16]},
			"faces": {
				"south": {"uv": [4, 2, 8, 4], "texture": "#1"}
			}
		},
		{
			"from": [3, -4, 16.5],
			"to": [4, -2, 16.5],
			"rotation": {"angle": 0, "axis": "y", "origin": [8, -2, 16]},
			"faces": {
				"south": {"uv": [3, 3, 4, 5], "texture": "#1"}
			}
		},
		{
			"from": [5, -1, 16.5],
			"to": [6, 0, 16.5],
			"rotation": {"angle": 0, "axis": "y", "origin": [8, -2, 16]},
			"faces": {
				"south": {"uv": [5, 1, 6, 2], "texture": "#1"}
			}
		},
		{
			"from": [6, -4, 16.5],
			"to": [10, -3, 16.5],
			"rotation": {"angle": 0, "axis": "y", "origin": [8, -2, 16]},
			"faces": {
				"south": {"uv": [6, 4, 10, 5], "texture": "#1"}
			}
		},
		{
			"from": [5, -5, 16.5],
			"to": [6, -3, 16.5],
			"rotation": {"angle": 0, "axis": "y", "origin": [8, -2, 16]},
			"faces": {
				"south": {"uv": [5, 4, 6, 6], "texture": "#1"}
			}
		},
		{
			"from": [7, -5, 16.5],
			"to": [9, -4, 16.5],
			"rotation": {"angle": 0, "axis": "y", "origin": [8, -2, 16]},
			"faces": {
				"south": {"uv": [7, 5, 9, 6], "texture": "#1"}
			}
		},
		{
			"from": [8, -1, 16.5],
			"to": [12, 0, 16.5],
			"rotation": {"angle": 0, "axis": "y", "origin": [8, -2, 16]},
			"faces": {
				"south": {"uv": [8, 1, 12, 2], "texture": "#1"}
			}
		},
		{
			"from": [9, 0, 16.5],
			"to": [12, 1, 16.5],
			"rotation": {"angle": 0, "axis": "y", "origin": [8, -2, 16]},
			"faces": {
				"south": {"uv": [9, 0, 12, 1], "texture": "#1"}
			}
		},
		{
			"from": [10, -3, 16.5],
			"to": [11, -1, 16.5],
			"rotation": {"angle": 0, "axis": "y", "origin": [8, -2, 16]},
			"faces": {
				"south": {"uv": [10, 2, 11, 4], "texture": "#1"}
			}
		},
		{
			"from": [11, -2, 16.5],
			"to": [16, -1, 16.5],
			"rotation": {"angle": 0, "axis": "y", "origin": [8, -2, 16]},
			"faces": {
				"south": {"uv": [11, 2, 16, 3], "texture": "#1"}
			}
		},
		{
			"from": [12, -3, 16.5],
			"to": [13, -2, 16.5],
			"rotation": {"angle": 0, "axis": "y", "origin": [8, -2, 16]},
			"faces": {
				"south": {"uv": [12, 3, 13, 4], "texture": "#1"}
			}
		},
		{
			"from": [14, -3, 16.5],
			"to": [15, -2, 16.5],
			"rotation": {"angle": 0, "axis": "y", "origin": [8, -2, 16]},
			"faces": {
				"south": {"uv": [12, 3, 13, 4], "texture": "#1"}
			}
		},
		{
			"from": [13, -1, 16.5],
			"to": [16, 0, 16.5],
			"rotation": {"angle": 0, "axis": "y", "origin": [8, -2, 16]},
			"faces": {
				"south": {"uv": [13, 1, 16, 2], "texture": "#1"}
			}
		},
		{
			"from": [15, 0, 16.5],
			"to": [16, 1, 16.5],
			"rotation": {"angle": 0, "axis": "y", "origin": [8, -2, 16]},
			"faces": {
				"south": {"uv": [15, 0, 16, 1], "texture": "#1"}
			}
		},
		{
			"from": [16.5, -2, 15],
			"to": [16.5, 1, 16],
			"rotation": {"angle": 0, "axis": "y", "origin": [16, -2, 8]},
			"faces": {
				"east": {"uv": [0, 0, 1, 3], "texture": "#1"}
			}
		},
		{
			"from": [16.5, -1, 11],
			"to": [16.5, 1, 13],
			"rotation": {"angle": 0, "axis": "y", "origin": [16, -2, 8]},
			"faces": {
				"east": {"uv": [3, 0, 5, 2], "texture": "#1"}
			}
		},
		{
			"from": [16.5, -3, 13],
			"to": [16.5, 0, 15],
			"rotation": {"angle": 0, "axis": "y", "origin": [16, -2, 8]},
			"faces": {
				"east": {"uv": [1, 1, 3, 4], "texture": "#1"}
			}
		},
		{
			"from": [16.5, -3, 8],
			"to": [16.5, -1, 12],
			"rotation": {"angle": 0, "axis": "y", "origin": [16, -2, 8]},
			"faces": {
				"east": {"uv": [4, 2, 8, 4], "texture": "#1"}
			}
		},
		{
			"from": [16.5, -4, 12],
			"to": [16.5, -2, 13],
			"rotation": {"angle": 0, "axis": "y", "origin": [16, -2, 8]},
			"faces": {
				"east": {"uv": [3, 3, 4, 5], "texture": "#1"}
			}
		},
		{
			"from": [16.5, -1, 10],
			"to": [16.5, 0, 11],
			"rotation": {"angle": 0, "axis": "y", "origin": [16, -2, 8]},
			"faces": {
				"east": {"uv": [5, 1, 6, 2], "texture": "#1"}
			}
		},
		{
			"from": [16.5, -4, 6],
			"to": [16.5, -3, 10],
			"rotation": {"angle": 0, "axis": "y", "origin": [16, -2, 8]},
			"faces": {
				"east": {"uv": [6, 4, 10, 5], "texture": "#1"}
			}
		},
		{
			"from": [16.5, -5, 10],
			"to": [16.5, -3, 11],
			"rotation": {"angle": 0, "axis": "y", "origin": [16, -2, 8]},
			"faces": {
				"east": {"uv": [5, 4, 6, 6], "texture": "#1"}
			}
		},
		{
			"from": [16.5, -5, 7],
			"to": [16.5, -4, 9],
			"rotation": {"angle": 0, "axis": "y", "origin": [16, -2, 8]},
			"faces": {
				"east": {"uv": [7, 5, 9, 6], "texture": "#1"}
			}
		},
		{
			"from": [16.5, -1, 4],
			"to": [16.5, 0, 8],
			"rotation": {"angle": 0, "axis": "y", "origin": [16, -2, 8]},
			"faces": {
				"east": {"uv": [8, 1, 12, 2], "texture": "#1"}
			}
		},
		{
			"from": [16.5, 0, 4],
			"to": [16.5, 1, 7],
			"rotation": {"angle": 0, "axis": "y", "origin": [16, -2, 8]},
			"faces": {
				"east": {"uv": [9, 0, 12, 1], "texture": "#1"}
			}
		},
		{
			"from": [16.5, -3, 5],
			"to": [16.5, -1, 6],
			"rotation": {"angle": 0, "axis": "y", "origin": [16, -2, 8]},
			"faces": {
				"east": {"uv": [10, 2, 11, 4], "texture": "#1"}
			}
		},
		{
			"from": [16.5, -2, 0],
			"to": [16.5, -1, 5],
			"rotation": {"angle": 0, "axis": "y", "origin": [16, -2, 8]},
			"faces": {
				"east": {"uv": [11, 2, 16, 3], "texture": "#1"}
			}
		},
		{
			"from": [16.5, -3, 3],
			"to": [16.5, -2, 4],
			"rotation": {"angle": 0, "axis": "y", "origin": [16, -2, 8]},
			"faces": {
				"east": {"uv": [12, 3, 13, 4], "texture": "#1"}
			}
		},
		{
			"from": [16.5, -3, 1],
			"to": [16.5, -2, 2],
			"rotation": {"angle": 0, "axis": "y", "origin": [16, -2, 8]},
			"faces": {
				"east": {"uv": [12, 3, 13, 4], "texture": "#1"}
			}
		},
		{
			"from": [16.5, -1, 0],
			"to": [16.5, 0, 3],
			"rotation": {"angle": 0, "axis": "y", "origin": [16, -2, 8]},
			"faces": {
				"east": {"uv": [13, 1, 16, 2], "texture": "#1"}
			}
		},
		{
			"from": [16.5, 0, 0],
			"to": [16.5, 1, 1],
			"rotation": {"angle": 0, "axis": "y", "origin": [16, -2, 8]},
			"faces": {
				"east": {"uv": [15, 0, 16, 1], "texture": "#1"}
			}
		},
		{
			"from": [-0.5, -2, 0],
			"to": [-0.5, 1, 1],
			"rotation": {"angle": 0, "axis": "y", "origin": [-1, -2, 8]},
			"faces": {
				"west": {"uv": [0, 0, 1, 3], "texture": "#1"}
			}
		},
		{
			"from": [-0.5, -1, 3],
			"to": [-0.5, 1, 5],
			"rotation": {"angle": 0, "axis": "y", "origin": [-1, -2, 8]},
			"faces": {
				"west": {"uv": [3, 0, 5, 2], "texture": "#1"}
			}
		},
		{
			"from": [-0.5, -3, 1],
			"to": [-0.5, 0, 3],
			"rotation": {"angle": 0, "axis": "y", "origin": [-1, -2, 8]},
			"faces": {
				"west": {"uv": [1, 1, 3, 4], "texture": "#1"}
			}
		},
		{
			"from": [-0.5, -3, 4],
			"to": [-0.5, -1, 8],
			"rotation": {"angle": 0, "axis": "y", "origin": [-1, -2, 8]},
			"faces": {
				"west": {"uv": [4, 2, 8, 4], "texture": "#1"}
			}
		},
		{
			"from": [-0.5, -4, 3],
			"to": [-0.5, -2, 4],
			"rotation": {"angle": 0, "axis": "y", "origin": [-1, -2, 8]},
			"faces": {
				"west": {"uv": [3, 3, 4, 5], "texture": "#1"}
			}
		},
		{
			"from": [-0.5, -1, 5],
			"to": [-0.5, 0, 6],
			"rotation": {"angle": 0, "axis": "y", "origin": [-1, -2, 8]},
			"faces": {
				"west": {"uv": [5, 1, 6, 2], "texture": "#1"}
			}
		},
		{
			"from": [-0.5, -4, 6],
			"to": [-0.5, -3, 10],
			"rotation": {"angle": 0, "axis": "y", "origin": [-1, -2, 8]},
			"faces": {
				"west": {"uv": [6, 4, 10, 5], "texture": "#1"}
			}
		},
		{
			"from": [-0.5, -5, 5],
			"to": [-0.5, -3, 6],
			"rotation": {"angle": 0, "axis": "y", "origin": [-1, -2, 8]},
			"faces": {
				"west": {"uv": [5, 4, 6, 6], "texture": "#1"}
			}
		},
		{
			"from": [-0.5, -5, 7],
			"to": [-0.5, -4, 9],
			"rotation": {"angle": 0, "axis": "y", "origin": [-1, -2, 8]},
			"faces": {
				"west": {"uv": [7, 5, 9, 6], "texture": "#1"}
			}
		},
		{
			"from": [-0.5, -1, 8],
			"to": [-0.5, 0, 12],
			"rotation": {"angle": 0, "axis": "y", "origin": [-1, -2, 8]},
			"faces": {
				"west": {"uv": [8, 1, 12, 2], "texture": "#1"}
			}
		},
		{
			"from": [-0.5, 0, 9],
			"to": [-0.5, 1, 12],
			"rotation": {"angle": 0, "axis": "y", "origin": [-1, -2, 8]},
			"faces": {
				"west": {"uv": [9, 0, 12, 1], "texture": "#1"}
			}
		},
		{
			"from": [-0.5, -3, 10],
			"to": [-0.5, -1, 11],
			"rotation": {"angle": 0, "axis": "y", "origin": [-1, -2, 8]},
			"faces": {
				"west": {"uv": [10, 2, 11, 4], "texture": "#1"}
			}
		},
		{
			"from": [-0.5, -2, 11],
			"to": [-0.5, -1, 16],
			"rotation": {"angle": 0, "axis": "y", "origin": [-1, -2, 8]},
			"faces": {
				"west": {"uv": [11, 2, 16, 3], "texture": "#1"}
			}
		},
		{
			"from": [-0.5, -3, 12],
			"to": [-0.5, -2, 13],
			"rotation": {"angle": 0, "axis": "y", "origin": [-1, -2, 8]},
			"faces": {
				"west": {"uv": [12, 3, 13, 4], "texture": "#1"}
			}
		},
		{
			"from": [-0.5, -3, 14],
			"to": [-0.5, -2, 15],
			"rotation": {"angle": 0, "axis": "y", "origin": [-1, -2, 8]},
			"faces": {
				"west": {"uv": [12, 3, 13, 4], "texture": "#1"}
			}
		},
		{
			"from": [-0.5, -1, 13],
			"to": [-0.5, 0, 16],
			"rotation": {"angle": 0, "axis": "y", "origin": [-1, -2, 8]},
			"faces": {
				"west": {"uv": [13, 1, 16, 2], "texture": "#1"}
			}
		},
		{
			"from": [-0.5, 0, 15],
			"to": [-0.5, 1, 16],
			"rotation": {"angle": 0, "axis": "y", "origin": [-1, -2, 8]},
			"faces": {
				"west": {"uv": [15, 0, 16, 1], "texture": "#1"}
			}
		}
	],
	"display": {
		"gui": {
			"rotation": [30, -135, 0],
			"scale": [0.625, 0.625, 0.625]
		}
	},
	"groups": [
		0,
		{
			"name": "moss_side",
			"origin": [0, 0, -1],
			"color": 0,
			"children": [1, 2, 3, 4, 5, 6, 7, 8, 9, 10, 11, 12, 13, 14, 15, 16, 17]
		},
		{
			"name": "moss_side",
			"origin": [0, 0, -1],
			"color": 0,
			"children": [18, 19, 20, 21, 22, 23, 24, 25, 26, 27, 28, 29, 30, 31, 32, 33, 34]
		},
		{
			"name": "moss_side",
			"origin": [0, 0, -1],
			"color": 0,
			"children": [35, 36, 37, 38, 39, 40, 41, 42, 43, 44, 45, 46, 47, 48, 49, 50, 51]
		},
		{
			"name": "moss_side",
			"origin": [0, 0, -1],
			"color": 0,
			"children": [52, 53, 54, 55, 56, 57, 58, 59, 60, 61, 62, 63, 64, 65, 66, 67, 68]
		}
	]
}