{
	"format_version": "1.21.6",
	"credit": "Made with Blockbench",
	"textures": {
		"0": "block/sniffer_egg",
		"1": "block/sniffer_egg_top",
		"particle": "block/sniffer_egg"
	},
	"elements": [
		{
			"from": [6, 15, 7],
			"to": [10, 16, 11],
			"rotation": {"angle": 0, "axis": "y", "origin": [1, 0, 4]},
			"faces": {
				"north": {"uv": [6, 0, 10, 1], "texture": "#0"},
				"east": {"uv": [6, 0, 10, 1], "texture": "#0"},
				"south": {"uv": [6, 0, 10, 1], "texture": "#0"},
				"west": {"uv": [6, 0, 10, 1], "texture": "#0"},
				"up": {"uv": [6, 6, 10, 10], "texture": "#1"},
				"down": {"uv": [0, 0, 4, 4], "texture": "#missing"}
			}
		},
		{
			"from": [5, 14, 6],
			"to": [11, 15, 12],
			"rotation": {"angle": 0, "axis": "y", "origin": [0, 0, 4]},
			"faces": {
				"north": {"uv": [5, 1, 11, 2], "texture": "#0"},
				"east": {"uv": [5, 1, 11, 2], "texture": "#0"},
				"south": {"uv": [5, 1, 11, 2], "texture": "#0"},
				"west": {"uv": [5, 1, 11, 2], "texture": "#0"},
				"up": {"uv": [5, 5, 11, 11], "texture": "#1"},
				"down": {"uv": [0, 0, 6, 6], "texture": "#missing"}
			}
		},
		{
			"from": [4, 0, 5],
			"to": [12, 14, 13],
			"rotation": {"angle": 0, "axis": "y", "origin": [0, 0, 4]},
			"faces": {
				"north": {"uv": [4, 2, 12, 16], "texture": "#0"},
				"east": {"uv": [4, 2, 12, 16], "texture": "#0"},
				"south": {"uv": [4, 2, 12, 16], "texture": "#0"},
				"west": {"uv": [4, 2, 12, 16], "texture": "#0"},
				"up": {"uv": [4, 4, 12, 12], "texture": "#1"},
				"down": {"uv": [0, 0, 8, 8], "texture": "#missing"}
			}
		},
		{
			"from": [2, 2, 3],
			"to": [14, 9, 15],
			"rotation": {"angle": 0, "axis": "y", "origin": [0, 0, 4]},
			"faces": {
				"north": {"uv": [2, 7, 14, 14], "texture": "#0"},
				"east": {"uv": [2, 7, 14, 14], "texture": "#0"},
				"south": {"uv": [2, 7, 14, 14], "texture": "#0"},
				"west": {"uv": [2, 7, 14, 14], "texture": "#0"},
				"up": {"uv": [2, 2, 14, 14], "texture": "#1"},
				"down": {"uv": [0, 0, 12, 12], "texture": "#missing"}
			}
		},
		{
			"from": [3, 1, 4],
			"to": [13, 12, 14],
			"rotation": {"angle": 0, "axis": "y", "origin": [0, -1, 4]},
			"faces": {
				"north": {"uv": [3, 4, 13, 15], "texture": "#0"},
				"east": {"uv": [3, 4, 13, 15], "texture": "#0"},
				"south": {"uv": [3, 4, 13, 15], "texture": "#0"},
				"west": {"uv": [3, 4, 13, 15], "texture": "#0"},
				"up": {"uv": [3, 3, 13, 13], "texture": "#1"},
				"down": {"uv": [0, 0, 10, 10], "texture": "#missing"}
			}
		}
	],
	"display": {
		"thirdperson_righthand": {
			"rotation": [75, 45, 0],
			"translation": [0, 2.5, 0],
			"scale": [0.375, 0.375, 0.375]
		},
		"thirdperson_lefthand": {
			"rotation": [75, 45, 0],
			"translation": [0, 2.5, 0],
			"scale": [0.375, 0.375, 0.375]
		},
		"firstperson_righthand": {
			"rotation": [0, 45, 0],
			"scale": [0.4, 0.4, 0.4]
		},
		"firstperson_lefthand": {
			"rotation": [0, -135, 0],
			"scale": [0.4, 0.4, 0.4]
		},
		"ground": {
			"translation": [0, 3, 0],
			"scale": [0.25, 0.25, 0.25]
		},
		"gui": {
			"rotation": [30, -135, 0],
			"scale": [0.625, 0.625, 0.625]
		},
		"fixed": {
			"scale": [0.5, 0.5, 0.5]
		}
	}
}