{
	"format_version": "1.21.6",
	"credit": "Made with Blockbench",
	"textures": {
		"particle": "item/spyglass_model",
		"spyglass": "item/spyglass_model"
	},
	"elements": [
		{
			"from": [7, 7.5, 7],
			"to": [9, 14.5, 9],
			"rotation": {"angle": 0, "axis": "y", "origin": [0, -1, 0]},
			"faces": {
				"north": {"uv": [0, 1, 2, 7], "texture": "#spyglass"},
				"east": {"uv": [0, 1, 2, 7], "texture": "#spyglass"},
				"south": {"uv": [0, 1, 2, 7], "texture": "#spyglass"},
				"west": {"uv": [0, 1, 2, 7], "texture": "#spyglass"},
				"up": {"uv": [2, 1, 4, 3], "texture": "#spyglass"}
			}
		},
		{
			"from": [6.9, -0.6, 6.9],
			"to": [9.1, 7.6, 9.1],
			"rotation": {"angle": 0, "axis": "y", "origin": [0, -1, 0]},
			"faces": {
				"north": {"uv": [0, 7, 2, 14], "texture": "#spyglass"},
				"east": {"uv": [0, 7, 2, 14], "texture": "#spyglass"},
				"south": {"uv": [0, 7, 2, 14], "texture": "#spyglass"},
				"west": {"uv": [0, 7, 2, 14], "texture": "#spyglass"},
				"up": {"uv": [0, 5, 2, 7], "texture": "#spyglass"},
				"down": {"uv": [0, 14, 2, 16], "texture": "#spyglass"}
			}
		}
	],
	"gui_light": "front",
	"display": {
		"thirdperson_righthand": {
			"translation": [0, -2, 0]
		},
		"ground": {
			"rotation": [90, 0, 0]
		},
		"gui": {
			"rotation": [-67.5, 0, 45],
			"scale": [1.5, 1.5, 1.5]
		},
		"head": {
			"rotation": [90, 0, 0],
			"translation": [0, 0, -16],
			"scale": [1.6, 1.6, 1.6]
		},
		"fixed": {
			"translation": [0, 0, -1.5],
			"scale": [1.5, 1.5, 1.5]
		}
	}
}