{
	"format_version": "1.21.6",
	"credit": "Made with Blockbench",
	"textures": {
		"0": "item/chest_beta",
		"particle": "item/chest_beta"
	},
	"elements": [
		{
			"name": "bone",
			"from": [7, 9, 15],
			"to": [9, 13, 16],
			"faces": {
				"north": {"uv": [9, 4, 11, 8], "texture": "#0"},
				"east": {"uv": [8, 6, 8.5, 8], "texture": "#0"},
				"south": {"uv": [8.5, 6, 9.5, 8], "texture": "#0"},
				"west": {"uv": [9.5, 6, 10, 8], "texture": "#0"},
				"up": {"uv": [9.5, 6, 8.5, 5.5], "texture": "#0"},
				"down": {"uv": [10.5, 5.5, 9.5, 6], "texture": "#0"}
			}
		},
		{
			"name": "bone",
			"from": [0, 0, -1],
			"to": [16, 16, 15],
			"faces": {
				"north": {"uv": [8, 8, 16, 16], "texture": "#0"},
				"east": {"uv": [8, 8, 16, 16], "texture": "#0"},
				"south": {"uv": [0, 8, 8, 16], "texture": "#0"},
				"west": {"uv": [8, 8, 16, 16], "texture": "#0"},
				"up": {"uv": [8, 8, 0, 0], "texture": "#0"},
				"down": {"uv": [0, 0, 8, 8], "texture": "#0"}
			}
		}
	],
	"display": {
		"thirdperson_righthand": {
			"rotation": [75, 45, 0],
			"translation": [0, 2.5, 0],
			"scale": [0.375, 0.375, 0.375]
		},
		"thirdperson_lefthand": {
			"rotation": [75, 45, 0],
			"translation": [0, 2.5, 0],
			"scale": [0.375, 0.375, 0.375]
		},
		"firstperson_righthand": {
			"rotation": [0, 45, 0],
			"scale": [0.4, 0.4, 0.4]
		},
		"firstperson_lefthand": {
			"rotation": [0, -135, 0],
			"scale": [0.4, 0.4, 0.4]
		},
		"ground": {
			"translation": [0, 3, 0],
			"scale": [0.25, 0.25, 0.25]
		},
		"gui": {
			"rotation": [30, -44, 0],
			"scale": [0.625, 0.625, 0.625]
		},
		"fixed": {
			"scale": [0.5, 0.5, 0.5]
		}
	},
	"groups": [
		{
			"name": "base",
			"origin": [8, 0, 8],
			"rotation": [-180, 0, 0],
			"color": 0,
			"children": [
				{
					"name": "bone",
					"origin": [0, -7.5, 19.75],
					"rotation": [0, 0, -180],
					"color": 0,
					"children": [0, 1]
				},
				{
					"name": "pot",
					"origin": [0, 0, 0],
					"color": 0,
					"children": []
				}
			]
		}
	]
}