{
	"format_version": "1.21.6",
	"credit": "Made with Blockbench",
	"ambientocclusion": false,
	"textures": {
		"1": "block/brown_mushroom_shelf",
		"particle": "block/brown_mushroom",
		"cross": "block/brown_mushroom"
	},
	"elements": [
		{
			"from": [0.8, 0, 8],
			"to": [15.2, 16, 8],
			"shade": false,
			"rotation": {"angle": 45, "axis": "y", "origin": [8, 8, 8], "rescale": true},
			"faces": {
				"north": {"uv": [0, 0, 16, 16], "texture": "#cross"},
				"south": {"uv": [0, 0, 16, 16], "texture": "#cross"}
			}
		},
		{
			"from": [-5, -8, 1],
			"to": [0, -8, 7],
			"shade": false,
			"rotation": {"angle": 0, "axis": "y", "origin": [0, -8, 9], "rescale": true},
			"faces": {
				"up": {"uv": [1, 0, 7, 5], "rotation": 90, "texture": "#1"},
				"down": {"uv": [1, 0, 7, 5], "rotation": 90, "texture": "#1"}
			}
		},
		{
			"from": [-3, -11, 4],
			"to": [0, -8, 4],
			"shade": false,
			"rotation": {"angle": 0, "axis": "y", "origin": [0, -8, 9], "rescale": true},
			"faces": {
				"north": {"uv": [0, 6, 3, 9], "texture": "#1"},
				"east": {"uv": [0, 0, 16, 16], "texture": "#missing"},
				"south": {"uv": [3, 6, 0, 9], "texture": "#1"},
				"west": {"uv": [0, 0, 16, 16], "texture": "#missing"},
				"up": {"uv": [0, 0, 16, 16], "rotation": 90, "texture": "#missing"},
				"down": {"uv": [0, 0, 16, 16], "rotation": 90, "texture": "#missing"}
			}
		},
		{
			"from": [-4, -8, 11],
			"to": [0, -5, 11],
			"shade": false,
			"rotation": {"angle": 0, "axis": "y", "origin": [0, -5, 16], "rescale": true},
			"faces": {
				"north": {"uv": [4, 6, 8, 9], "texture": "#1"},
				"east": {"uv": [0, 0, 16, 16], "texture": "#missing"},
				"south": {"uv": [8, 6, 4, 9], "texture": "#1"},
				"west": {"uv": [0, 0, 16, 16], "texture": "#missing"},
				"up": {"uv": [0, 0, 16, 16], "rotation": 90, "texture": "#missing"},
				"down": {"uv": [0, 0, 16, 16], "rotation": 90, "texture": "#missing"}
			}
		},
		{
			"from": [-6, -5, 7],
			"to": [0, -5, 15],
			"shade": false,
			"rotation": {"angle": 0, "axis": "y", "origin": [0, -5, 16], "rescale": true},
			"faces": {
				"up": {"uv": [8, 0, 15, 6], "rotation": 90, "texture": "#1"},
				"down": {"uv": [8, 0, 15, 6], "rotation": 90, "texture": "#1"}
			}
		},
		{
			"from": [16, -8, 1],
			"to": [21, -8, 7],
			"shade": false,
			"rotation": {"angle": 0, "axis": "y", "origin": [16, -8, -1], "rescale": true},
			"faces": {
				"up": {"uv": [1, 0, 7, 5], "rotation": 270, "texture": "#1"},
				"down": {"uv": [1, 0, 7, 5], "rotation": 270, "texture": "#1"}
			}
		},
		{
			"from": [16, -11, 4],
			"to": [19, -8, 4],
			"shade": false,
			"rotation": {"angle": 0, "axis": "y", "origin": [16, -8, -1], "rescale": true},
			"faces": {
				"north": {"uv": [3, 6, 0, 9], "texture": "#1"},
				"east": {"uv": [0, 0, 16, 16], "texture": "#missing"},
				"south": {"uv": [0, 6, 3, 9], "texture": "#1"},
				"west": {"uv": [0, 0, 16, 16], "texture": "#missing"},
				"up": {"uv": [0, 0, 16, 16], "rotation": 270, "texture": "#missing"},
				"down": {"uv": [0, 0, 16, 16], "rotation": 270, "texture": "#missing"}
			}
		},
		{
			"from": [16, -8, 11],
			"to": [20, -5, 11],
			"shade": false,
			"rotation": {"angle": 0, "axis": "y", "origin": [16, -5, 6], "rescale": true},
			"faces": {
				"north": {"uv": [8, 6, 4, 9], "texture": "#1"},
				"east": {"uv": [0, 0, 16, 16], "texture": "#missing"},
				"south": {"uv": [4, 6, 8, 9], "texture": "#1"},
				"west": {"uv": [0, 0, 16, 16], "texture": "#missing"},
				"up": {"uv": [0, 0, 16, 16], "rotation": 270, "texture": "#missing"},
				"down": {"uv": [0, 0, 16, 16], "rotation": 270, "texture": "#missing"}
			}
		},
		{
			"from": [16, -5, 7],
			"to": [22, -5, 15],
			"shade": false,
			"rotation": {"angle": 0, "axis": "y", "origin": [16, -5, 6], "rescale": true},
			"faces": {
				"up": {"uv": [8, 0, 15, 6], "rotation": 270, "texture": "#1"},
				"down": {"uv": [8, 0, 15, 6], "rotation": 270, "texture": "#1"}
			}
		},
		{
			"from": [9, -8, 16],
			"to": [15, -8, 21],
			"shade": false,
			"rotation": {"angle": 0, "axis": "y", "origin": [17, -8, 16], "rescale": true},
			"faces": {
				"up": {"uv": [1, 0, 7, 5], "texture": "#1"},
				"down": {"uv": [1, 0, 7, 5], "rotation": 180, "texture": "#1"}
			}
		},
		{
			"from": [12, -11, 16],
			"to": [12, -8, 19],
			"shade": false,
			"rotation": {"angle": 0, "axis": "y", "origin": [17, -8, 16], "rescale": true},
			"faces": {
				"north": {"uv": [0, 0, 16, 16], "texture": "#missing"},
				"east": {"uv": [3, 6, 0, 9], "texture": "#1"},
				"south": {"uv": [0, 0, 16, 16], "texture": "#missing"},
				"west": {"uv": [0, 6, 3, 9], "texture": "#1"},
				"up": {"uv": [0, 0, 16, 16], "texture": "#missing"},
				"down": {"uv": [0, 0, 16, 16], "rotation": 180, "texture": "#missing"}
			}
		},
		{
			"from": [5, -8, 16],
			"to": [5, -5, 20],
			"shade": false,
			"rotation": {"angle": 0, "axis": "y", "origin": [10, -5, 16], "rescale": true},
			"faces": {
				"north": {"uv": [0, 0, 16, 16], "texture": "#missing"},
				"east": {"uv": [8, 6, 4, 9], "texture": "#1"},
				"south": {"uv": [0, 0, 16, 16], "texture": "#missing"},
				"west": {"uv": [4, 6, 8, 9], "texture": "#1"},
				"up": {"uv": [0, 0, 16, 16], "texture": "#missing"},
				"down": {"uv": [0, 0, 16, 16], "rotation": 180, "texture": "#missing"}
			}
		},
		{
			"from": [1, -5, 16],
			"to": [9, -5, 22],
			"shade": false,
			"rotation": {"angle": 0, "axis": "y", "origin": [10, -5, 16], "rescale": true},
			"faces": {
				"up": {"uv": [8, 0, 15, 6], "texture": "#1"},
				"down": {"uv": [8, 0, 15, 6], "rotation": 180, "texture": "#1"}
			}
		},
		{
			"from": [9, -8, -5],
			"to": [15, -8, 0],
			"shade": false,
			"rotation": {"angle": 0, "axis": "x", "origin": [7, -8, 0], "rescale": true},
			"faces": {
				"up": {"uv": [1, 0, 7, 5], "rotation": 180, "texture": "#1"},
				"down": {"uv": [1, 0, 7, 5], "texture": "#1"}
			}
		},
		{
			"from": [12, -11, -3],
			"to": [12, -8, 0],
			"shade": false,
			"rotation": {"angle": 0, "axis": "x", "origin": [7, -8, 0], "rescale": true},
			"faces": {
				"north": {"uv": [0, 0, 16, 16], "texture": "#missing"},
				"east": {"uv": [0, 6, 3, 9], "texture": "#1"},
				"south": {"uv": [0, 0, 16, 16], "texture": "#missing"},
				"west": {"uv": [3, 6, 0, 9], "texture": "#1"},
				"up": {"uv": [0, 0, 16, 16], "rotation": 180, "texture": "#missing"},
				"down": {"uv": [0, 0, 16, 16], "texture": "#missing"}
			}
		},
		{
			"from": [5, -8, -4],
			"to": [5, -5, 0],
			"shade": false,
			"rotation": {"angle": 0, "axis": "x", "origin": [0, -5, 0], "rescale": true},
			"faces": {
				"north": {"uv": [0, 0, 16, 16], "texture": "#missing"},
				"east": {"uv": [4, 6, 8, 9], "texture": "#1"},
				"south": {"uv": [0, 0, 16, 16], "texture": "#missing"},
				"west": {"uv": [8, 6, 4, 9], "texture": "#1"},
				"up": {"uv": [0, 0, 16, 16], "rotation": 180, "texture": "#missing"},
				"down": {"uv": [0, 0, 16, 16], "texture": "#missing"}
			}
		},
		{
			"from": [1, -5, -6],
			"to": [9, -5, 0],
			"shade": false,
			"rotation": {"angle": 0, "axis": "x", "origin": [0, -5, 0], "rescale": true},
			"faces": {
				"up": {"uv": [8, 0, 15, 6], "rotation": 180, "texture": "#1"},
				"down": {"uv": [8, 0, 15, 6], "texture": "#1"}
			}
		},
		{
			"from": [8, 0, 0.8],
			"to": [8, 16, 15.2],
			"shade": false,
			"rotation": {"angle": 45, "axis": "y", "origin": [8, 8, 8], "rescale": true},
			"faces": {
				"east": {"uv": [0, 0, 16, 16], "texture": "#cross"},
				"west": {"uv": [0, 0, 16, 16], "texture": "#cross"}
			}
		}
	],
	"groups": [
		0,
		{
			"name": "shelf",
			"origin": [7, -8, 0],
			"color": 0,
			"children": [1, 2, 3, 4, 5, 6, 7, 8, 9, 10, 11, 12, 13, 14, 15, 16]
		},
		17
	]
}