{
	"format_version": "1.21.6",
	"credit": "Made with Blockbench",
	"parent": "block/block",
	"ambientocclusion": false,
	"textures": {
		"particle": "block/cactus_flower_orange",
		"flower": "block/cactus_flower_orange"
	},
	"elements": [
		{
			"from": [-8.81918, 0.41456, 0],
			"to": [7.18082, 0.41456, 16],
			"shade": false,
			"rotation": {"angle": -27.5, "axis": "z", "origin": [7.10847, 0.02877, 8.10847]},
			"faces": {
				"up": {"uv": [0, 16, 16, 0], "rotation": 90, "texture": "#flower"},
				"down": {"uv": [0, 0, 16, 16], "rotation": 270, "texture": "#flower"}
			}
		},
		{
			"from": [9.21205, 0.28557, 0],
			"to": [25.21205, 0.28557, 16],
			"shade": false,
			"rotation": {"angle": 30, "axis": "z", "origin": [9.10847, 0.02877, 8.10847]},
			"faces": {
				"up": {"uv": [0, 16, 16, 0], "rotation": 270, "texture": "#flower"},
				"down": {"uv": [0, 0, 16, 16], "rotation": 90, "texture": "#flower"}
			}
		},
		{
			"from": [0.21695, 0.41456, 9.03612],
			"to": [16.21695, 0.41456, 25.03612],
			"shade": false,
			"rotation": {"angle": -27.5, "axis": "x", "origin": [8.10847, 0.02877, 9.10847]},
			"faces": {
				"up": {"uv": [16, 0, 0, 16], "rotation": 180, "texture": "#flower"},
				"down": {"uv": [16, 16, 0, 0], "rotation": 180, "texture": "#flower"}
			}
		},
		{
			"from": [0.21695, 0.28557, -8.9951],
			"to": [16.21695, 0.28557, 7.0049],
			"shade": false,
			"rotation": {"angle": 27.5, "axis": "x", "origin": [8.10847, 0.02877, 7.10847]},
			"faces": {
				"up": {"uv": [0, 16, 16, 0], "rotation": 180, "texture": "#flower"},
				"down": {"uv": [0, 0, 16, 16], "rotation": 180, "texture": "#flower"}
			}
		},
		{
			"from": [7.21695, 0.28557, 7.0049],
			"to": [9.21695, 0.28557, 9.0049],
			"shade": false,
			"rotation": {"angle": 0, "axis": "x", "origin": [8.10847, 0.02877, 16.10847]},
			"faces": {
				"up": {"uv": [7, 15, 8, 16], "rotation": 90, "texture": "#flower"},
				"down": {"uv": [7, 15, 9, 16], "rotation": 180, "texture": "#flower"}
			}
		}
	],
	"display": {
		"thirdperson_righthand": {
			"rotation": [-15.75, 45, 0],
			"translation": [0, 2.5, 0],
			"scale": [0.375, 0.375, 0.375]
		},
		"thirdperson_lefthand": {
			"rotation": [-15.75, 45, 0],
			"translation": [0, 2.5, 0],
			"scale": [0.375, 0.375, 0.375]
		},
		"firstperson_righthand": {
			"rotation": [0, 45, 0],
			"translation": [0, 1.5, 0],
			"scale": [0.4, 0.4, 0.4]
		},
		"firstperson_lefthand": {
			"rotation": [0, 45, 0],
			"translation": [0, 1.5, 0],
			"scale": [0.4, 0.4, 0.4]
		},
		"ground": {
			"translation": [0, 3, 0],
			"scale": [0.25, 0.25, 0.25]
		},
		"gui": {
			"rotation": [30, -135, 0],
			"scale": [0.625, 0.625, 0.625]
		},
		"head": {
			"translation": [0, 12.25, 0]
		},
		"fixed": {
			"rotation": [-90, 0, 0],
			"translation": [0, 0, -9.25],
			"scale": [1.32227, 1.32227, 1.32227]
		}
	},
	"groups": [
		{
			"name": "group",
			"origin": [8, 16, 0],
			"color": 0,
			"children": [0, 1, 2, 3, 4]
		}
	]
}