{
	"format_version": "1.21.6",
	"credit": "Made with Blockbench",
	"ambientocclusion": false,
	"textures": {
		"slab": "block/smooth_stone",
		"particle": "block/comparator_on",
		"top": "block/comparator_on",
		"lit": "block/redstone_torch"
	},
	"elements": [
		{
			"from": [0, 0, 0],
			"to": [16, 2, 16],
			"faces": {
				"north": {"uv": [0, 14, 16, 16], "texture": "#slab", "cullface": "north"},
				"east": {"uv": [0, 14, 16, 16], "texture": "#slab", "cullface": "east"},
				"south": {"uv": [0, 14, 16, 16], "texture": "#slab", "cullface": "south"},
				"west": {"uv": [0, 14, 16, 16], "texture": "#slab", "cullface": "west"},
				"up": {"uv": [0, 0, 16, 16], "texture": "#top"},
				"down": {"uv": [0, 0, 16, 16], "texture": "#slab", "cullface": "down"}
			}
		},
		{
			"from": [7, 2, 2],
			"to": [9, 5, 4],
			"shade": false,
			"faces": {
				"north": {"uv": [7, 6, 9, 9], "texture": "#lit"},
				"east": {"uv": [7, 6, 9, 9], "texture": "#lit"},
				"south": {"uv": [7, 6, 9, 9], "texture": "#lit"},
				"west": {"uv": [7, 6, 9, 9], "texture": "#lit"},
				"up": {"uv": [7, 6, 9, 8], "texture": "#lit"}
			}
		},
		{
			"from": [4, 2, 11],
			"to": [6, 7, 13],
			"shade": false,
			"faces": {
				"north": {"uv": [7, 6, 9, 11], "texture": "#lit"},
				"east": {"uv": [7, 6, 9, 11], "texture": "#lit"},
				"south": {"uv": [7, 6, 9, 11], "texture": "#lit"},
				"west": {"uv": [7, 6, 9, 11], "texture": "#lit"},
				"up": {"uv": [7, 6, 9, 8], "texture": "#lit"}
			}
		},
		{
			"from": [10, 2, 11],
			"to": [12, 7, 13],
			"shade": false,
			"faces": {
				"north": {"uv": [7, 6, 9, 11], "texture": "#lit"},
				"east": {"uv": [7, 6, 9, 11], "texture": "#lit"},
				"south": {"uv": [7, 6, 9, 11], "texture": "#lit"},
				"west": {"uv": [7, 6, 9, 11], "texture": "#lit"},
				"up": {"uv": [7, 6, 9, 8], "texture": "#lit"}
			}
		},
		{
			"from": [3.5, 1.5, 10.5],
			"to": [6.5, 4.5, 13.5],
			"shade": false,
			"faces": {
				"up": {"uv": [6, 5, 7, 6], "texture": "#lit"}
			}
		},
		{
			"from": [3.5, 7.5, 10.5],
			"to": [6.5, 10.5, 13.5],
			"shade": false,
			"faces": {
				"down": {"uv": [6, 5, 7, 6], "texture": "#lit"}
			}
		},
		{
			"from": [3.5, 4.5, 7.5],
			"to": [6.5, 7.5, 10.5],
			"shade": false,
			"faces": {
				"south": {"uv": [6, 5, 7, 6], "texture": "#lit"}
			}
		},
		{
			"from": [3.5, 4.5, 13.5],
			"to": [6.5, 7.5, 16.5],
			"shade": false,
			"faces": {
				"north": {"uv": [6, 5, 7, 6], "texture": "#lit"}
			}
		},
		{
			"from": [0.5, 4.5, 10.5],
			"to": [3.5, 7.5, 13.5],
			"shade": false,
			"faces": {
				"east": {"uv": [6, 5, 7, 6], "texture": "#lit"}
			}
		},
		{
			"from": [6.5, 4.5, 10.5],
			"to": [9.5, 7.5, 13.5],
			"shade": false,
			"faces": {
				"west": {"uv": [6, 5, 7, 6], "texture": "#lit"}
			}
		},
		{
			"from": [9.5, 1.5, 10.5],
			"to": [12.5, 4.5, 13.5],
			"shade": false,
			"faces": {
				"up": {"uv": [6, 5, 7, 6], "texture": "#lit"}
			}
		},
		{
			"from": [9.5, 7.5, 10.5],
			"to": [12.5, 10.5, 13.5],
			"shade": false,
			"faces": {
				"down": {"uv": [6, 5, 7, 6], "texture": "#lit"}
			}
		},
		{
			"from": [9.5, 4.5, 7.5],
			"to": [12.5, 7.5, 10.5],
			"shade": false,
			"faces": {
				"south": {"uv": [6, 5, 7, 6], "texture": "#lit"}
			}
		},
		{
			"from": [9.5, 4.5, 13.5],
			"to": [12.5, 7.5, 16.5],
			"shade": false,
			"faces": {
				"north": {"uv": [6, 5, 7, 6], "texture": "#lit"}
			}
		},
		{
			"from": [6.5, 4.5, 10.5],
			"to": [9.5, 7.5, 13.5],
			"shade": false,
			"faces": {
				"east": {"uv": [6, 5, 7, 6], "texture": "#lit"}
			}
		},
		{
			"from": [12.5, 4.5, 10.5],
			"to": [15.5, 7.5, 13.5],
			"shade": false,
			"faces": {
				"west": {"uv": [6, 5, 7, 6], "texture": "#lit"}
			}
		},
		{
			"from": [6.5, -0.5, 1.5],
			"to": [9.5, 2.5, 4.5],
			"shade": false,
			"faces": {
				"up": {"uv": [6, 5, 7, 6], "texture": "#lit"}
			}
		},
		{
			"from": [6.5, 5.5, 1.5],
			"to": [9.5, 8.5, 4.5],
			"shade": false,
			"faces": {
				"down": {"uv": [6, 5, 7, 6], "texture": "#lit"}
			}
		},
		{
			"from": [6.5, 2.5, -1.5],
			"to": [9.5, 5.5, 1.5],
			"shade": false,
			"faces": {
				"south": {"uv": [6, 5, 7, 6], "texture": "#lit"}
			}
		},
		{
			"from": [6.5, 2.5, 4.5],
			"to": [9.5, 5.5, 7.5],
			"shade": false,
			"faces": {
				"north": {"uv": [6, 5, 7, 6], "texture": "#lit"}
			}
		},
		{
			"from": [3.5, 2.5, 1.5],
			"to": [6.5, 5.5, 4.5],
			"shade": false,
			"faces": {
				"east": {"uv": [6, 5, 7, 6], "texture": "#lit"}
			}
		},
		{
			"from": [9.5, 2.5, 1.5],
			"to": [12.5, 5.5, 4.5],
			"shade": false,
			"faces": {
				"west": {"uv": [6, 5, 7, 6], "texture": "#lit"}
			}
		},
		{
			"from": [3, 4, 13],
			"to": [7, 8, 13],
			"shade": false,
			"rotation": {"angle": 0, "axis": "y", "origin": [5, 6, 13]},
			"faces": {
				"north": {"uv": [6, 5, 10, 9], "texture": "#lit"},
				"east": {"uv": [7, 6, 9, 11], "texture": "#lit"},
				"south": {"uv": [6, 5, 10, 9], "texture": "#lit"},
				"west": {"uv": [7, 6, 9, 11], "texture": "#lit"},
				"up": {"uv": [7, 6, 9, 8], "rotation": 90, "texture": "#lit"}
			}
		},
		{
			"from": [3, 4, 11],
			"to": [7, 8, 11],
			"shade": false,
			"rotation": {"angle": 0, "axis": "y", "origin": [5, 6, 11]},
			"faces": {
				"north": {"uv": [6, 5, 10, 9], "texture": "#lit"},
				"east": {"uv": [7, 6, 9, 11], "texture": "#lit"},
				"south": {"uv": [6, 5, 10, 9], "texture": "#lit"},
				"west": {"uv": [7, 6, 9, 11], "texture": "#lit"},
				"up": {"uv": [7, 6, 9, 8], "rotation": 90, "texture": "#lit"}
			}
		},
		{
			"from": [4, 4, 10],
			"to": [4, 8, 14],
			"shade": false,
			"rotation": {"angle": 0, "axis": "y", "origin": [-6, 0, 0]},
			"faces": {
				"north": {"uv": [7, 6, 9, 11], "texture": "#lit"},
				"east": {"uv": [6, 5, 10, 9], "texture": "#lit"},
				"south": {"uv": [7, 6, 9, 11], "texture": "#lit"},
				"west": {"uv": [6, 5, 10, 9], "texture": "#lit"},
				"up": {"uv": [7, 6, 9, 8], "texture": "#lit"}
			}
		},
		{
			"from": [6, 4, 10],
			"to": [6, 8, 14],
			"shade": false,
			"rotation": {"angle": 0, "axis": "y", "origin": [-4, 0, 0]},
			"faces": {
				"north": {"uv": [7, 6, 9, 11], "texture": "#lit"},
				"east": {"uv": [6, 5, 10, 9], "texture": "#lit"},
				"south": {"uv": [7, 6, 9, 11], "texture": "#lit"},
				"west": {"uv": [6, 5, 10, 9], "texture": "#lit"},
				"up": {"uv": [7, 6, 9, 8], "texture": "#lit"}
			}
		},
		{
			"from": [9, 4, 13],
			"to": [13, 8, 13],
			"shade": false,
			"rotation": {"angle": 0, "axis": "y", "origin": [11, 6, 13]},
			"faces": {
				"north": {"uv": [6, 5, 10, 9], "texture": "#lit"},
				"east": {"uv": [7, 6, 9, 11], "texture": "#lit"},
				"south": {"uv": [6, 5, 10, 9], "texture": "#lit"},
				"west": {"uv": [7, 6, 9, 11], "texture": "#lit"},
				"up": {"uv": [7, 6, 9, 8], "rotation": 90, "texture": "#lit"}
			}
		},
		{
			"from": [9, 4, 11],
			"to": [13, 8, 11],
			"shade": false,
			"rotation": {"angle": 0, "axis": "y", "origin": [11, 6, 11]},
			"faces": {
				"north": {"uv": [6, 5, 10, 9], "texture": "#lit"},
				"east": {"uv": [7, 6, 9, 11], "texture": "#lit"},
				"south": {"uv": [6, 5, 10, 9], "texture": "#lit"},
				"west": {"uv": [7, 6, 9, 11], "texture": "#lit"},
				"up": {"uv": [7, 6, 9, 8], "rotation": 90, "texture": "#lit"}
			}
		},
		{
			"from": [10, 4, 10],
			"to": [10, 8, 14],
			"shade": false,
			"faces": {
				"north": {"uv": [7, 6, 9, 11], "texture": "#lit"},
				"east": {"uv": [6, 5, 10, 9], "texture": "#lit"},
				"south": {"uv": [7, 6, 9, 11], "texture": "#lit"},
				"west": {"uv": [6, 5, 10, 9], "texture": "#lit"},
				"up": {"uv": [7, 6, 9, 8], "texture": "#lit"}
			}
		},
		{
			"from": [12, 4, 10],
			"to": [12, 8, 14],
			"shade": false,
			"rotation": {"angle": 0, "axis": "y", "origin": [2, 0, 0]},
			"faces": {
				"north": {"uv": [7, 6, 9, 11], "texture": "#lit"},
				"east": {"uv": [6, 5, 10, 9], "texture": "#lit"},
				"south": {"uv": [7, 6, 9, 11], "texture": "#lit"},
				"west": {"uv": [6, 5, 10, 9], "texture": "#lit"},
				"up": {"uv": [7, 6, 9, 8], "texture": "#lit"}
			}
		},
		{
			"from": [6, 2, 4],
			"to": [10, 6, 4],
			"shade": false,
			"rotation": {"angle": 0, "axis": "y", "origin": [8, 4, 4]},
			"faces": {
				"north": {"uv": [6, 5, 10, 9], "texture": "#lit"},
				"east": {"uv": [7, 6, 9, 11], "texture": "#lit"},
				"south": {"uv": [6, 5, 10, 9], "texture": "#lit"},
				"west": {"uv": [7, 6, 9, 11], "texture": "#lit"},
				"up": {"uv": [7, 6, 9, 8], "rotation": 90, "texture": "#lit"}
			}
		},
		{
			"from": [6, 2, 2],
			"to": [10, 6, 2],
			"shade": false,
			"rotation": {"angle": 0, "axis": "y", "origin": [8, 4, 2]},
			"faces": {
				"north": {"uv": [6, 5, 10, 9], "texture": "#lit"},
				"east": {"uv": [7, 6, 9, 11], "texture": "#lit"},
				"south": {"uv": [6, 5, 10, 9], "texture": "#lit"},
				"west": {"uv": [7, 6, 9, 11], "texture": "#lit"},
				"up": {"uv": [7, 6, 9, 8], "rotation": 90, "texture": "#lit"}
			}
		},
		{
			"from": [7, 2, 1],
			"to": [7, 6, 5],
			"shade": false,
			"rotation": {"angle": 0, "axis": "y", "origin": [-3, -2, -9]},
			"faces": {
				"north": {"uv": [7, 6, 9, 11], "texture": "#lit"},
				"east": {"uv": [6, 5, 10, 9], "texture": "#lit"},
				"south": {"uv": [7, 6, 9, 11], "texture": "#lit"},
				"west": {"uv": [6, 5, 10, 9], "texture": "#lit"},
				"up": {"uv": [7, 6, 9, 8], "texture": "#lit"}
			}
		},
		{
			"from": [9, 2, 1],
			"to": [9, 6, 5],
			"shade": false,
			"rotation": {"angle": 0, "axis": "y", "origin": [-1, -2, -9]},
			"faces": {
				"north": {"uv": [7, 6, 9, 11], "texture": "#lit"},
				"east": {"uv": [6, 5, 10, 9], "texture": "#lit"},
				"south": {"uv": [7, 6, 9, 11], "texture": "#lit"},
				"west": {"uv": [6, 5, 10, 9], "texture": "#lit"},
				"up": {"uv": [7, 6, 9, 8], "texture": "#lit"}
			}
		}
	]
}