{
	"format_version": "1.21.6",
	"credit": "Made with Blockbench",
	"parent": "minecraft:block/dried_ghast",
	"texture_size": [64, 64],
	"textures": {
		"0": "block/dried_ghast_1",
		"particle": "block/dried_ghast_particle_1"
	},
	"elements": [
		{
			"name": "body",
			"from": [3, 0, 3],
			"to": [13, 10, 13],
			"rotation": {"angle": 0, "axis": "y", "origin": [11, 0, 11]},
			"faces": {
				"north": {"uv": [2.5, 2.5, 5, 5], "texture": "#0"},
				"east": {"uv": [0, 2.5, 2.5, 5], "texture": "#0"},
				"south": {"uv": [7.5, 2.5, 10, 5], "texture": "#0"},
				"west": {"uv": [5, 2.5, 7.5, 5], "texture": "#0"},
				"up": {"uv": [5, 2.5, 2.5, 0], "texture": "#0"},
				"down": {"uv": [7.5, 0, 5, 2.5], "texture": "#0", "cullface": "down"}
			}
		},
		{
			"name": "left_tent_1",
			"from": [0, 0, 5],
			"to": [3, 1, 7],
			"rotation": {"angle": 0, "axis": "y", "origin": [8, 0, 13]},
			"faces": {
				"north": {"uv": [1.25, 6.5, 0.5, 6.75], "texture": "#0"},
				"east": {"uv": [1.75, 6.5, 1.25, 6.75], "texture": "#0"},
				"south": {"uv": [2.5, 6.5, 1.75, 6.75], "texture": "#0"},
				"west": {"uv": [0.5, 6.5, 0, 6.75], "texture": "#0", "cullface": "west"},
				"up": {"uv": [0.5, 6.5, 1.25, 6], "texture": "#0"},
				"down": {"uv": [1.25, 6, 2, 6.5], "texture": "#0", "cullface": "down"}
			}
		},
		{
			"name": "left_tent_2",
			"from": [0, 0, 9],
			"to": [3, 1, 11],
			"rotation": {"angle": 0, "axis": "y", "origin": [8, 0, 17]},
			"faces": {
				"north": {"uv": [1.25, 6.5, 0.5, 6.75], "texture": "#0"},
				"east": {"uv": [1.75, 6.5, 1.25, 6.75], "texture": "#0"},
				"south": {"uv": [2.5, 6.5, 1.75, 6.75], "texture": "#0"},
				"west": {"uv": [0.5, 6.5, 0, 6.75], "texture": "#0", "cullface": "west"},
				"up": {"uv": [0.5, 6.5, 1.25, 6], "texture": "#0"},
				"down": {"uv": [1.25, 6, 2, 6.5], "texture": "#0", "cullface": "down"}
			}
		},
		{
			"name": "right_tent_1",
			"from": [13, 0, 5],
			"to": [16, 1, 7],
			"rotation": {"angle": 0, "axis": "y", "origin": [8, 0, 13]},
			"faces": {
				"north": {"uv": [0.5, 6.5, 1.25, 6.75], "texture": "#0"},
				"east": {"uv": [0, 6.5, 0.5, 6.75], "texture": "#0", "cullface": "east"},
				"south": {"uv": [1.75, 6.5, 2.5, 6.75], "texture": "#0"},
				"west": {"uv": [1.25, 6.5, 1.75, 6.75], "texture": "#0"},
				"up": {"uv": [1.25, 6.5, 0.5, 6], "texture": "#0"},
				"down": {"uv": [2, 6, 1.25, 6.5], "texture": "#0", "cullface": "down"}
			}
		},
		{
			"name": "right_tent_2",
			"from": [13, 0, 9],
			"to": [16, 1, 11],
			"rotation": {"angle": 0, "axis": "y", "origin": [8, 0, 17]},
			"faces": {
				"north": {"uv": [0.5, 6.5, 1.25, 6.75], "texture": "#0"},
				"east": {"uv": [0, 6.5, 0.5, 6.75], "texture": "#0", "cullface": "east"},
				"south": {"uv": [1.75, 6.5, 2.5, 6.75], "texture": "#0"},
				"west": {"uv": [1.25, 6.5, 1.75, 6.75], "texture": "#0"},
				"up": {"uv": [1.25, 6.5, 0.5, 6], "texture": "#0"},
				"down": {"uv": [2, 6, 1.25, 6.5], "texture": "#0", "cullface": "down"}
			}
		},
		{
			"name": "back_tent_2",
			"from": [9, 0, 13],
			"to": [11, 1, 16],
			"rotation": {"angle": 0, "axis": "y", "origin": [10.5, 0.5, 14.5]},
			"faces": {
				"north": {"uv": [0.75, 5.75, 1.25, 6], "texture": "#0"},
				"east": {"uv": [0, 5.75, 0.75, 6], "texture": "#0"},
				"south": {"uv": [2, 5.75, 2.5, 6], "texture": "#0", "cullface": "south"},
				"west": {"uv": [1.25, 5.75, 2, 6], "texture": "#0"},
				"up": {"uv": [1.25, 5.75, 0.75, 5], "texture": "#0"},
				"down": {"uv": [1.75, 5, 1.25, 5.75], "texture": "#0", "cullface": "down"}
			}
		},
		{
			"name": "back_tent_1",
			"from": [5, 0, 13],
			"to": [7, 1, 16],
			"rotation": {"angle": 0, "axis": "y", "origin": [5.5, 0.5, 14.5]},
			"faces": {
				"north": {"uv": [0.75, 5.75, 1.25, 6], "texture": "#0"},
				"east": {"uv": [0, 5.75, 0.75, 6], "texture": "#0"},
				"south": {"uv": [2, 5.75, 2.5, 6], "texture": "#0", "cullface": "south"},
				"west": {"uv": [1.25, 5.75, 2, 6], "texture": "#0"},
				"up": {"uv": [1.25, 5.75, 0.75, 5], "texture": "#0"},
				"down": {"uv": [1.75, 5, 1.25, 5.75], "texture": "#0", "cullface": "down"}
			}
		}
	]
}