{
	"format_version": "1.21.6",
	"credit": "Made with Blockbench",
	"parent": "block/block",
	"texture_size": [128, 128],
	"textures": {
		"0": "block/lectern",
		"particle": "block/lectern"
	},
	"elements": [
		{
			"from": [0, 0, 0],
			"to": [16, 2, 16],
			"faces": {
				"north": {"uv": [3, 10.25, 7, 10.75], "texture": "#0", "cullface": "north"},
				"east": {"uv": [3, 10.25, 7, 10.75], "texture": "#0", "cullface": "east"},
				"south": {"uv": [3, 10.25, 7, 10.75], "texture": "#0", "cullface": "south"},
				"west": {"uv": [3, 10.25, 7, 10.75], "texture": "#0", "cullface": "west"},
				"up": {"uv": [7, 10.25, 3, 6.25], "texture": "#0"},
				"down": {"uv": [11, 6, 6.75, 10], "texture": "#0", "cullface": "down"}
			}
		},
		{
			"from": [2, 2, 2],
			"to": [14, 4, 14],
			"rotation": {"angle": 0, "axis": "y", "origin": [0, 2, 0]},
			"faces": {
				"north": {"uv": [0, 9.25, 3, 9.75], "texture": "#0", "cullface": "north"},
				"east": {"uv": [0, 9.25, 3, 9.75], "texture": "#0", "cullface": "east"},
				"south": {"uv": [0, 9, 3, 9.5], "texture": "#0", "cullface": "south"},
				"west": {"uv": [0, 9.25, 3, 9.75], "texture": "#0", "cullface": "west"},
				"up": {"uv": [3, 9.25, 0, 6.25], "texture": "#0"},
				"down": {"uv": [4.5, 4.25, 3, 5.75], "texture": "#0", "cullface": "down"}
			}
		},
		{
			"from": [4, 4, 4],
			"to": [12, 15, 12],
			"rotation": {"angle": 0, "axis": "y", "origin": [0, 1, 0]},
			"faces": {
				"north": {"uv": [2, 3.5, 4, 6.25], "texture": "#0"},
				"east": {"uv": [0, 3.5, 2, 6.25], "texture": "#0"},
				"south": {"uv": [4, 3.5, 6, 6.25], "texture": "#0"},
				"west": {"uv": [2, 3.5, 0, 6.25], "texture": "#0"},
				"up": {"uv": [4.75, 3.75, 4, 3.5], "texture": "#0"},
				"down": {"uv": [3, 6, 2, 7], "texture": "#0"}
			}
		},
		{
			"from": [1.5, 13, 3],
			"to": [14.5, 16, 17],
			"rotation": {"angle": -22.5, "axis": "x", "origin": [8, 8, 8]},
			"faces": {
				"north": {"uv": [0, 2.5, 3.25, 3.5], "texture": "#0"},
				"east": {"uv": [0, 0, 0.75, 3.25], "rotation": 90, "texture": "#0"},
				"south": {"uv": [0, 0, 3.25, 1], "texture": "#0"},
				"west": {"uv": [2.5, 0, 3.25, 3.25], "rotation": 90, "texture": "#0"},
				"up": {"uv": [3.25, 3.5, 0, 0], "texture": "#0"},
				"down": {"uv": [6.5, 0, 3.25, 3.5], "texture": "#0"}
			}
		}
	],
	"display": {
		"thirdperson_righthand": {
			"rotation": [75, 45, 0],
			"translation": [0, 2.5, 0],
			"scale": [0.375, 0.375, 0.375]
		},
		"thirdperson_lefthand": {
			"rotation": [75, 45, 0],
			"translation": [0, 2.5, 0],
			"scale": [0.375, 0.375, 0.375]
		},
		"firstperson_righthand": {
			"rotation": [0, 111, 0],
			"scale": [0.4, 0.4, 0.4]
		},
		"firstperson_lefthand": {
			"rotation": [0, 111, 0],
			"scale": [0.4, 0.4, 0.4]
		},
		"ground": {
			"translation": [0, 3, 0],
			"scale": [0.25, 0.25, 0.25]
		},
		"gui": {
			"rotation": [30, 136, 0],
			"translation": [0, -0.25, 0],
			"scale": [0.57, 0.57, 0.57]
		},
		"head": {
			"translation": [0, 12.75, 0]
		},
		"fixed": {
			"scale": [0.5, 0.5, 0.5]
		},
		"on_shelf": {
			"rotation": [0, -180, 0]
		}
	}
}