{
	"format_version": "1.21.6",
	"credit": "Made with Blockbench",
	"textures": {
		"2": "block/moss_sprouts",
		"4": "block/moss_overlay",
		"particle": "block/moss_block"
	},
	"elements": [
		{
			"name": "moss",
			"from": [0, 0, 0],
			"to": [16, 1, 16],
			"faces": {
				"north": {"uv": [0, 0, 16, 1], "texture": "#particle"},
				"east": {"uv": [0, 0, 16, 1], "texture": "#4"},
				"south": {"uv": [0, 0, 16, 1], "texture": "#particle"},
				"west": {"uv": [0, 0, 16, 1], "texture": "#particle"},
				"up": {"uv": [0, 0, 16, 16], "texture": "#particle"},
				"down": {"uv": [0, 0, 16, 16], "texture": "#particle", "cullface": "down"}
			}
		},
		{
			"name": "moss",
			"from": [7, -11, 16],
			"to": [11, -11, 19],
			"rotation": {"angle": 0, "axis": "y", "origin": [7.5, -7.5, 17.75]},
			"faces": {
				"north": {"uv": [0, 0, 16, 0], "texture": "#2"},
				"east": {"uv": [0, 0, 16, 0], "texture": "#2"},
				"south": {"uv": [0, 0, 16, 0], "texture": "#2"},
				"west": {"uv": [0, 0, 16, 0], "texture": "#2"},
				"up": {"uv": [15, 16, 11, 13], "texture": "#2"},
				"down": {"uv": [16, 0, 0, 16], "texture": "#2", "cullface": "down"}
			}
		},
		{
			"name": "moss",
			"from": [7, -4, 16],
			"to": [13, -4, 20],
			"rotation": {"angle": 0, "axis": "y", "origin": [7.5, -7.5, 17.75]},
			"faces": {
				"north": {"uv": [0, 0, 16, 0], "texture": "#2"},
				"east": {"uv": [0, 0, 16, 0], "texture": "#2"},
				"south": {"uv": [0, 0, 16, 0], "texture": "#2"},
				"west": {"uv": [0, 0, 16, 0], "texture": "#2"},
				"up": {"uv": [6, 16, 0, 12], "texture": "#2"},
				"down": {"uv": [16, 0, 0, 16], "texture": "#2", "cullface": "down"}
			}
		},
		{
			"name": "moss",
			"from": [3, -8, 16],
			"to": [7, -8, 19],
			"rotation": {"angle": 0, "axis": "y", "origin": [7.5, -7.5, 17.75]},
			"faces": {
				"north": {"uv": [0, 0, 16, 0], "texture": "#2"},
				"east": {"uv": [0, 0, 16, 0], "texture": "#2"},
				"south": {"uv": [0, 0, 16, 0], "texture": "#2"},
				"west": {"uv": [0, 0, 16, 0], "texture": "#2"},
				"up": {"uv": [11, 16, 6, 13], "texture": "#2"},
				"down": {"uv": [16, 0, 0, 16], "texture": "#2", "cullface": "down"}
			}
		},
		{
			"name": "moss",
			"from": [5, -11, -3],
			"to": [9, -11, 0],
			"rotation": {"angle": 0, "axis": "y", "origin": [8.5, -7.5, -2.25]},
			"faces": {
				"north": {"uv": [0, 0, 16, 0], "texture": "#2"},
				"east": {"uv": [0, 0, 16, 0], "texture": "#2"},
				"south": {"uv": [0, 0, 16, 0], "texture": "#2"},
				"west": {"uv": [0, 0, 16, 0], "texture": "#2"},
				"up": {"uv": [15, 16, 11, 13], "rotation": 180, "texture": "#2"},
				"down": {"uv": [16, 0, 0, 16], "rotation": 180, "texture": "#2", "cullface": "down"}
			}
		},
		{
			"name": "moss",
			"from": [3, -4, -4],
			"to": [9, -4, 0],
			"rotation": {"angle": 0, "axis": "y", "origin": [8.5, -7.5, -3.25]},
			"faces": {
				"north": {"uv": [0, 0, 16, 0], "texture": "#2"},
				"east": {"uv": [0, 0, 16, 0], "texture": "#2"},
				"south": {"uv": [0, 0, 16, 0], "texture": "#2"},
				"west": {"uv": [0, 0, 16, 0], "texture": "#2"},
				"up": {"uv": [6, 16, 0, 12], "rotation": 180, "texture": "#2"},
				"down": {"uv": [16, 0, 0, 16], "rotation": 180, "texture": "#2", "cullface": "down"}
			}
		},
		{
			"name": "moss",
			"from": [9, -8, -3],
			"to": [13, -8, 0],
			"rotation": {"angle": 0, "axis": "y", "origin": [8.5, -7.5, -2.25]},
			"faces": {
				"north": {"uv": [0, 0, 16, 0], "texture": "#2"},
				"east": {"uv": [0, 0, 16, 0], "texture": "#2"},
				"south": {"uv": [0, 0, 16, 0], "texture": "#2"},
				"west": {"uv": [0, 0, 16, 0], "texture": "#2"},
				"up": {"uv": [11, 16, 6, 13], "rotation": 180, "texture": "#2"},
				"down": {"uv": [16, 0, 0, 16], "rotation": 180, "texture": "#2", "cullface": "down"}
			}
		},
		{
			"name": "moss",
			"from": [16.25, -11, 4],
			"to": [19.25, -11, 8],
			"rotation": {"angle": 0, "axis": "y", "origin": [18.5, -7.5, 10.75]},
			"faces": {
				"north": {"uv": [0, 0, 16, 0], "texture": "#2"},
				"east": {"uv": [0, 0, 16, 0], "texture": "#2"},
				"south": {"uv": [0, 0, 16, 0], "texture": "#2"},
				"west": {"uv": [0, 0, 16, 0], "texture": "#2"},
				"up": {"uv": [15, 16, 11, 13], "rotation": 270, "texture": "#2"},
				"down": {"uv": [16, 0, 0, 16], "rotation": 90, "texture": "#2", "cullface": "down"}
			}
		},
		{
			"name": "moss",
			"from": [16.25, -4, 4],
			"to": [20.25, -4, 10],
			"rotation": {"angle": 0, "axis": "y", "origin": [19.5, -7.5, 9.75]},
			"faces": {
				"north": {"uv": [0, 0, 16, 0], "texture": "#2"},
				"east": {"uv": [0, 0, 16, 0], "texture": "#2"},
				"south": {"uv": [0, 0, 16, 0], "texture": "#2"},
				"west": {"uv": [0, 0, 16, 0], "texture": "#2"},
				"up": {"uv": [6, 16, 0, 12], "rotation": 270, "texture": "#2"},
				"down": {"uv": [16, 0, 0, 16], "rotation": 90, "texture": "#2", "cullface": "down"}
			}
		},
		{
			"name": "moss",
			"from": [16.25, -8, 9],
			"to": [19.25, -8, 13],
			"rotation": {"angle": 0, "axis": "y", "origin": [18.5, -7.5, 15.75]},
			"faces": {
				"north": {"uv": [0, 0, 16, 0], "texture": "#2"},
				"east": {"uv": [0, 0, 16, 0], "texture": "#2"},
				"south": {"uv": [0, 0, 16, 0], "texture": "#2"},
				"west": {"uv": [0, 0, 16, 0], "texture": "#2"},
				"up": {"uv": [11, 16, 6, 13], "rotation": 270, "texture": "#2"},
				"down": {"uv": [16, 0, 0, 16], "rotation": 90, "texture": "#2", "cullface": "down"}
			}
		},
		{
			"name": "moss",
			"from": [-3, -11, 8],
			"to": [0, -11, 12],
			"rotation": {"angle": 0, "axis": "y", "origin": [-1, -7.5, 7.5]},
			"faces": {
				"north": {"uv": [0, 0, 16, 0], "texture": "#2"},
				"east": {"uv": [0, 0, 16, 0], "texture": "#2"},
				"south": {"uv": [0, 0, 16, 0], "texture": "#2"},
				"west": {"uv": [0, 0, 16, 0], "texture": "#2"},
				"up": {"uv": [15, 16, 11, 13], "rotation": 90, "texture": "#2"},
				"down": {"uv": [16, 0, 0, 16], "rotation": 270, "texture": "#2", "cullface": "down"}
			}
		},
		{
			"name": "moss",
			"from": [-4, -4, 6],
			"to": [0, -4, 12],
			"rotation": {"angle": 0, "axis": "y", "origin": [-2, -7.5, 7.5]},
			"faces": {
				"north": {"uv": [0, 0, 16, 0], "texture": "#2"},
				"east": {"uv": [0, 0, 16, 0], "texture": "#2"},
				"south": {"uv": [0, 0, 16, 0], "texture": "#2"},
				"west": {"uv": [0, 0, 16, 0], "texture": "#2"},
				"up": {"uv": [6, 16, 0, 12], "rotation": 90, "texture": "#2"},
				"down": {"uv": [16, 0, 0, 16], "rotation": 270, "texture": "#2", "cullface": "down"}
			}
		},
		{
			"name": "moss",
			"from": [-3, -8, 3],
			"to": [0, -8, 7],
			"rotation": {"angle": 0, "axis": "y", "origin": [-1, -7.5, 7.5]},
			"faces": {
				"north": {"uv": [0, 0, 16, 0], "texture": "#2"},
				"east": {"uv": [0, 0, 16, 0], "texture": "#2"},
				"south": {"uv": [0, 0, 16, 0], "texture": "#2"},
				"west": {"uv": [0, 0, 16, 0], "texture": "#2"},
				"up": {"uv": [11, 16, 6, 13], "rotation": 90, "texture": "#2"},
				"down": {"uv": [16, 0, 0, 16], "rotation": 270, "texture": "#2", "cullface": "down"}
			}
		},
		{
			"name": "moss_side",
			"from": [16.02, -1, 11],
			"to": [16.02, 0, 16],
			"rotation": {"angle": 0, "axis": "y", "origin": [16.02, -1, 8.75]},
			"faces": {
				"east": {"uv": [0, 1, 5, 2], "texture": "#4", "cullface": "north"}
			}
		},
		{
			"name": "moss_side",
			"from": [16.02, -1, 0],
			"to": [16.02, 0, 10],
			"rotation": {"angle": 0, "axis": "y", "origin": [16.02, -1, 8.75]},
			"faces": {
				"east": {"uv": [6, 1, 16, 2], "texture": "#4", "cullface": "north"}
			}
		},
		{
			"name": "moss_side",
			"from": [16.02, -2, 15],
			"to": [16.02, -1, 16],
			"rotation": {"angle": 0, "axis": "y", "origin": [16.02, -1, 8.75]},
			"faces": {
				"east": {"uv": [0, 2, 1, 3], "texture": "#4", "cullface": "north"}
			}
		},
		{
			"name": "moss_side",
			"from": [16.02, -2, 11],
			"to": [16.02, -1, 14],
			"rotation": {"angle": 0, "axis": "y", "origin": [16.02, -1, 8.75]},
			"faces": {
				"east": {"uv": [2, 2, 5, 3], "texture": "#4", "cullface": "north"}
			}
		},
		{
			"name": "moss_side",
			"from": [16.02, -2, 9],
			"to": [16.02, -1, 10],
			"rotation": {"angle": 0, "axis": "y", "origin": [16.02, -1, 8.75]},
			"faces": {
				"east": {"uv": [6, 2, 7, 3], "texture": "#4", "cullface": "north"}
			}
		},
		{
			"name": "moss_side",
			"from": [16.02, -2, 4],
			"to": [16.02, -1, 8],
			"rotation": {"angle": 0, "axis": "y", "origin": [16.02, -1, 8.75]},
			"faces": {
				"east": {"uv": [8, 2, 12, 3], "texture": "#4", "cullface": "north"}
			}
		},
		{
			"name": "moss_side",
			"from": [16.02, -3, 7],
			"to": [16.02, -2, 8],
			"rotation": {"angle": 0, "axis": "y", "origin": [16.02, -1, 8.75]},
			"faces": {
				"east": {"uv": [8, 3, 9, 4], "texture": "#4", "cullface": "north"}
			}
		},
		{
			"name": "moss_side",
			"from": [16.02, -3, 11],
			"to": [16.02, -2, 12],
			"rotation": {"angle": 0, "axis": "y", "origin": [16.02, -1, 8.75]},
			"faces": {
				"east": {"uv": [4, 3, 5, 4], "texture": "#4", "cullface": "north"}
			}
		},
		{
			"name": "moss_side",
			"from": [16.02, -3, 5],
			"to": [16.02, -2, 6],
			"rotation": {"angle": 0, "axis": "y", "origin": [16.02, -1, 8.75]},
			"faces": {
				"east": {"uv": [10, 3, 11, 4], "texture": "#4", "cullface": "north"}
			}
		},
		{
			"name": "moss_side",
			"from": [16.02, -2, 1],
			"to": [16.02, -1, 3],
			"rotation": {"angle": 0, "axis": "y", "origin": [16.02, -1, 8.75]},
			"faces": {
				"east": {"uv": [13, 2, 15, 3], "texture": "#4", "cullface": "north"}
			}
		},
		{
			"name": "moss_side",
			"from": [16.02, 0, 0],
			"to": [16.02, 1, 16],
			"rotation": {"angle": 0, "axis": "y", "origin": [16.02, -1, 8.75]},
			"faces": {
				"east": {"uv": [0, 0, 16, 1], "texture": "#4", "cullface": "north"}
			}
		},
		{
			"name": "moss_side",
			"from": [-0.02, -1, 0],
			"to": [-0.02, 0, 5],
			"rotation": {"angle": 0, "axis": "y", "origin": [-0.03, -1, 7.25]},
			"faces": {
				"west": {"uv": [0, 1, 5, 2], "texture": "#4", "cullface": "north"}
			}
		},
		{
			"name": "moss_side",
			"from": [-0.02, -1, 6],
			"to": [-0.02, 0, 16],
			"rotation": {"angle": 0, "axis": "y", "origin": [-0.03, -1, 7.25]},
			"faces": {
				"west": {"uv": [6, 1, 16, 2], "texture": "#4", "cullface": "north"}
			}
		},
		{
			"name": "moss_side",
			"from": [-0.02, -2, 0],
			"to": [-0.02, -1, 1],
			"rotation": {"angle": 0, "axis": "y", "origin": [-0.03, -1, 7.25]},
			"faces": {
				"west": {"uv": [0, 2, 1, 3], "texture": "#4", "cullface": "north"}
			}
		},
		{
			"name": "moss_side",
			"from": [-0.02, -2, 2],
			"to": [-0.02, -1, 5],
			"rotation": {"angle": 0, "axis": "y", "origin": [-0.03, -1, 7.25]},
			"faces": {
				"west": {"uv": [2, 2, 5, 3], "texture": "#4", "cullface": "north"}
			}
		},
		{
			"name": "moss_side",
			"from": [-0.02, -2, 6],
			"to": [-0.02, -1, 7],
			"rotation": {"angle": 0, "axis": "y", "origin": [-0.03, -1, 7.25]},
			"faces": {
				"west": {"uv": [6, 2, 7, 3], "texture": "#4", "cullface": "north"}
			}
		},
		{
			"name": "moss_side",
			"from": [-0.02, -2, 8],
			"to": [-0.02, -1, 12],
			"rotation": {"angle": 0, "axis": "y", "origin": [-0.03, -1, 7.25]},
			"faces": {
				"west": {"uv": [8, 2, 12, 3], "texture": "#4", "cullface": "north"}
			}
		},
		{
			"name": "moss_side",
			"from": [-0.02, -3, 8],
			"to": [-0.02, -2, 9],
			"rotation": {"angle": 0, "axis": "y", "origin": [-0.03, -1, 7.25]},
			"faces": {
				"west": {"uv": [8, 3, 9, 4], "texture": "#4", "cullface": "north"}
			}
		},
		{
			"name": "moss_side",
			"from": [-0.02, -3, 4],
			"to": [-0.02, -2, 5],
			"rotation": {"angle": 0, "axis": "y", "origin": [-0.03, -1, 7.25]},
			"faces": {
				"west": {"uv": [4, 3, 5, 4], "texture": "#4", "cullface": "north"}
			}
		},
		{
			"name": "moss_side",
			"from": [-0.02, -3, 10],
			"to": [-0.02, -2, 11],
			"rotation": {"angle": 0, "axis": "y", "origin": [-0.03, -1, 7.25]},
			"faces": {
				"west": {"uv": [10, 3, 11, 4], "texture": "#4", "cullface": "north"}
			}
		},
		{
			"name": "moss_side",
			"from": [-0.02, -2, 13],
			"to": [-0.02, -1, 15],
			"rotation": {"angle": 0, "axis": "y", "origin": [-0.03, -1, 7.25]},
			"faces": {
				"west": {"uv": [13, 2, 15, 3], "texture": "#4", "cullface": "north"}
			}
		},
		{
			"name": "moss_side",
			"from": [-0.02, 0, 0],
			"to": [-0.02, 1, 16],
			"rotation": {"angle": 0, "axis": "y", "origin": [-0.03, -1, 7.25]},
			"faces": {
				"west": {"uv": [0, 0, 16, 1], "texture": "#4", "cullface": "north"}
			}
		},
		{
			"name": "moss_side",
			"from": [-0.005, -1, 16.015],
			"to": [4.995, 0, 16.015],
			"rotation": {"angle": 0, "axis": "y", "origin": [7.245, -1, 16.025]},
			"faces": {
				"south": {"uv": [0, 1, 5, 2], "texture": "#4", "cullface": "north"}
			}
		},
		{
			"name": "moss_side",
			"from": [5.995, -1, 16.015],
			"to": [15.995, 0, 16.015],
			"rotation": {"angle": 0, "axis": "y", "origin": [7.245, -1, 16.025]},
			"faces": {
				"south": {"uv": [6, 1, 16, 2], "texture": "#4", "cullface": "north"}
			}
		},
		{
			"name": "moss_side",
			"from": [-0.005, -2, 16.015],
			"to": [0.995, -1, 16.015],
			"rotation": {"angle": 0, "axis": "y", "origin": [7.245, -1, 16.025]},
			"faces": {
				"south": {"uv": [0, 2, 1, 3], "texture": "#4", "cullface": "north"}
			}
		},
		{
			"name": "moss_side",
			"from": [1.995, -2, 16.015],
			"to": [4.995, -1, 16.015],
			"rotation": {"angle": 0, "axis": "y", "origin": [7.245, -1, 16.025]},
			"faces": {
				"south": {"uv": [2, 2, 5, 3], "texture": "#4", "cullface": "north"}
			}
		},
		{
			"name": "moss_side",
			"from": [5.995, -2, 16.015],
			"to": [6.995, -1, 16.015],
			"rotation": {"angle": 0, "axis": "y", "origin": [7.245, -1, 16.025]},
			"faces": {
				"south": {"uv": [6, 2, 7, 3], "texture": "#4", "cullface": "north"}
			}
		},
		{
			"name": "moss_side",
			"from": [7.995, -2, 16.015],
			"to": [11.995, -1, 16.015],
			"rotation": {"angle": 0, "axis": "y", "origin": [7.245, -1, 16.025]},
			"faces": {
				"south": {"uv": [8, 2, 12, 3], "texture": "#4", "cullface": "north"}
			}
		},
		{
			"name": "moss_side",
			"from": [7.995, -3, 16.015],
			"to": [8.995, -2, 16.015],
			"rotation": {"angle": 0, "axis": "y", "origin": [7.245, -1, 16.025]},
			"faces": {
				"south": {"uv": [8, 3, 9, 4], "texture": "#4", "cullface": "north"}
			}
		},
		{
			"name": "moss_side",
			"from": [3.995, -3, 16.015],
			"to": [4.995, -2, 16.015],
			"rotation": {"angle": 0, "axis": "y", "origin": [7.245, -1, 16.025]},
			"faces": {
				"south": {"uv": [4, 3, 5, 4], "texture": "#4", "cullface": "north"}
			}
		},
		{
			"name": "moss_side",
			"from": [9.995, -3, 16.015],
			"to": [10.995, -2, 16.015],
			"rotation": {"angle": 0, "axis": "y", "origin": [7.245, -1, 16.025]},
			"faces": {
				"south": {"uv": [10, 3, 11, 4], "texture": "#4", "cullface": "north"}
			}
		},
		{
			"name": "moss_side",
			"from": [12.995, -2, 16.015],
			"to": [14.995, -1, 16.015],
			"rotation": {"angle": 0, "axis": "y", "origin": [7.245, -1, 16.025]},
			"faces": {
				"south": {"uv": [13, 2, 15, 3], "texture": "#4", "cullface": "north"}
			}
		},
		{
			"name": "moss_side",
			"from": [-0.005, 0, 16.015],
			"to": [15.995, 1, 16.015],
			"rotation": {"angle": 0, "axis": "y", "origin": [7.245, -1, 16.025]},
			"faces": {
				"south": {"uv": [0, 0, 16, 1], "texture": "#4", "cullface": "north"}
			}
		},
		{
			"name": "moss_side",
			"from": [10.995, -1, -0.02],
			"to": [15.995, 0, -0.02],
			"rotation": {"angle": 0, "axis": "y", "origin": [8.745, -1, -0.05]},
			"faces": {
				"north": {"uv": [0, 1, 5, 2], "texture": "#4", "cullface": "north"}
			}
		},
		{
			"name": "moss_side",
			"from": [-0.005, -1, -0.02],
			"to": [9.995, 0, -0.02],
			"rotation": {"angle": 0, "axis": "y", "origin": [8.745, -1, -0.05]},
			"faces": {
				"north": {"uv": [6, 1, 16, 2], "texture": "#4", "cullface": "north"}
			}
		},
		{
			"name": "moss_side",
			"from": [14.995, -2, -0.02],
			"to": [15.995, -1, -0.02],
			"rotation": {"angle": 0, "axis": "y", "origin": [8.745, -1, -0.05]},
			"faces": {
				"north": {"uv": [0, 2, 1, 3], "texture": "#4", "cullface": "north"}
			}
		},
		{
			"name": "moss_side",
			"from": [10.995, -2, -0.02],
			"to": [13.995, -1, -0.02],
			"rotation": {"angle": 0, "axis": "y", "origin": [8.745, -1, -0.05]},
			"faces": {
				"north": {"uv": [2, 2, 5, 3], "texture": "#4", "cullface": "north"}
			}
		},
		{
			"name": "moss_side",
			"from": [8.995, -2, -0.02],
			"to": [9.995, -1, -0.02],
			"rotation": {"angle": 0, "axis": "y", "origin": [8.745, -1, -0.05]},
			"faces": {
				"north": {"uv": [6, 2, 7, 3], "texture": "#4", "cullface": "north"}
			}
		},
		{
			"name": "moss_side",
			"from": [3.995, -2, -0.02],
			"to": [7.995, -1, -0.02],
			"rotation": {"angle": 0, "axis": "y", "origin": [8.745, -1, -0.05]},
			"faces": {
				"north": {"uv": [8, 2, 12, 3], "texture": "#4", "cullface": "north"}
			}
		},
		{
			"name": "moss_side",
			"from": [6.995, -3, -0.02],
			"to": [7.995, -2, -0.02],
			"rotation": {"angle": 0, "axis": "y", "origin": [8.745, -1, -0.05]},
			"faces": {
				"north": {"uv": [8, 3, 9, 4], "texture": "#4", "cullface": "north"}
			}
		},
		{
			"name": "moss_side",
			"from": [10.995, -3, -0.02],
			"to": [11.995, -2, -0.02],
			"rotation": {"angle": 0, "axis": "y", "origin": [8.745, -1, -0.05]},
			"faces": {
				"north": {"uv": [4, 3, 5, 4], "texture": "#4", "cullface": "north"}
			}
		},
		{
			"name": "moss_side",
			"from": [4.995, -3, -0.02],
			"to": [5.995, -2, -0.02],
			"rotation": {"angle": 0, "axis": "y", "origin": [8.745, -1, -0.05]},
			"faces": {
				"north": {"uv": [10, 3, 11, 4], "texture": "#4", "cullface": "north"}
			}
		},
		{
			"name": "moss_side",
			"from": [0.995, -2, -0.02],
			"to": [2.995, -1, -0.02],
			"rotation": {"angle": 0, "axis": "y", "origin": [8.745, -1, -0.05]},
			"faces": {
				"north": {"uv": [13, 2, 15, 3], "texture": "#4", "cullface": "north"}
			}
		},
		{
			"name": "moss_side",
			"from": [-0.005, 0, -0.02],
			"to": [15.995, 1, -0.02],
			"rotation": {"angle": 0, "axis": "y", "origin": [8.745, -1, -0.05]},
			"faces": {
				"north": {"uv": [0, 0, 16, 1], "texture": "#4", "cullface": "north"}
			}
		}
	],
	"display": {
		"thirdperson_righthand": {
			"rotation": [75, 45, 0],
			"translation": [0, 2.5, 1.75],
			"scale": [0.375, 0.375, 0.375]
		},
		"thirdperson_lefthand": {
			"rotation": [75, 45, 0],
			"translation": [0, 2.5, 1.75],
			"scale": [0.375, 0.375, 0.375]
		},
		"firstperson_righthand": {
			"rotation": [0, 45, 0],
			"translation": [0, 5.5, 0],
			"scale": [0.4, 0.4, 0.4]
		},
		"firstperson_lefthand": {
			"rotation": [0, 45, 0],
			"translation": [0, 5.5, 0],
			"scale": [0.4, 0.4, 0.4]
		},
		"ground": {
			"translation": [0, 3, 0],
			"scale": [0.25, 0.25, 0.25]
		},
		"gui": {
			"rotation": [30, 45, 0],
			"translation": [0, 5.25, 0],
			"scale": [0.6, 0.6, 0.6]
		},
		"head": {
			"translation": [0, 13, 0]
		},
		"fixed": {
			"translation": [0, 4, 0],
			"scale": [0.5, 0.5, 0.5]
		}
	},
	"groups": [
		0,
		{
			"name": "group",
			"origin": [6, -5, 16],
			"color": 0,
			"children": [1, 2, 3]
		},
		{
			"name": "group",
			"origin": [6, -5, 16],
			"color": 0,
			"children": [4, 5, 6]
		},
		{
			"name": "group",
			"origin": [6, -5, 16],
			"color": 0,
			"children": [7, 8, 9]
		},
		{
			"name": "group",
			"origin": [6, -5, 16],
			"color": 0,
			"children": [10, 11, 12]
		},
		{
			"name": "moss_side",
			"origin": [16, -1, 10],
			"color": 0,
			"children": [13, 14, 15, 16, 17, 18, 19, 20, 21, 22, 23]
		},
		{
			"name": "moss_side",
			"origin": [16, -1, 10],
			"color": 0,
			"children": [24, 25, 26, 27, 28, 29, 30, 31, 32, 33, 34]
		},
		{
			"name": "moss_side",
			"origin": [16, -1, 10],
			"color": 0,
			"children": [35, 36, 37, 38, 39, 40, 41, 42, 43, 44, 45]
		},
		{
			"name": "moss_side",
			"origin": [16, -1, 10],
			"color": 0,
			"children": [46, 47, 48, 49, 50, 51, 52, 53, 54, 55, 56]
		}
	]
}