{
	"format_version": "1.21.6",
	"credit": "Made with Blockbench",
	"parent": "block/block",
	"texture_size": [32, 32],
	"textures": {
		"particle": "block/soul_lantern",
		"lantern": "block/soul_lantern"
	},
	"elements": [
		{
			"from": [4.5, 0, 4.5],
			"to": [11.5, 8, 11.5],
			"rotation": {"angle": 0, "axis": "y", "origin": [-2, 0, -1]},
			"faces": {
				"north": {"uv": [0, 0.5, 3.5, 4.5], "texture": "#lantern"},
				"east": {"uv": [0, 0.5, 3.5, 4.5], "texture": "#lantern"},
				"south": {"uv": [0, 0.5, 3.5, 4.5], "texture": "#lantern"},
				"west": {"uv": [0, 0.5, 3.5, 4.5], "texture": "#lantern"},
				"up": {"uv": [7, 6, 3.5, 2.5], "texture": "#lantern"},
				"down": {"uv": [10.5, 2.5, 7, 6], "texture": "#lantern", "cullface": "down"}
			}
		},
		{
			"from": [5.5, 8, 5.5],
			"to": [10.5, 9, 10.5],
			"rotation": {"angle": 0, "axis": "y", "origin": [-1, 8, 0]},
			"faces": {
				"north": {"uv": [0.5, 0, 3, 0.5], "texture": "#lantern"},
				"east": {"uv": [0.5, 0, 3, 0.5], "texture": "#lantern"},
				"south": {"uv": [0.5, 0, 3, 0.5], "texture": "#lantern"},
				"west": {"uv": [0.5, 0, 3, 0.5], "texture": "#lantern"},
				"up": {"uv": [6, 2.5, 3.5, 0], "texture": "#lantern"},
				"down": {"uv": [3, 3, 0, 6], "texture": "#lantern", "cullface": "down"}
			}
		},
		{
			"from": [6.5, 9, 8],
			"to": [9.5, 12, 8],
			"shade": false,
			"rotation": {"angle": 45, "axis": "y", "origin": [8, 8, 8]},
			"faces": {
				"north": {"uv": [0, 8.5, 1.5, 10], "texture": "#lantern"},
				"east": {"uv": [11, 11.5, 11, 12.5], "texture": "#lantern"},
				"south": {"uv": [0, 8.5, 1.5, 10], "texture": "#lantern"},
				"west": {"uv": [12.5, 11.5, 12.5, 12.5], "texture": "#lantern"},
				"up": {"uv": [12.5, 11.5, 11, 11.5], "texture": "#lantern"},
				"down": {"uv": [14, 11.5, 12.5, 11.5], "texture": "#lantern"}
			}
		}
	]
}