{
	"format_version": "1.21.6",
	"credit": "Made with Blockbench",
	"parent": "block/block",
	"textures": {
		"particle": "block/soul_lantern",
		"lantern": "block/soul_lantern"
	},
	"elements": [
		{
			"from": [8, 10, 6.5],
			"to": [8, 14, 9.5],
			"shade": false,
			"rotation": {"angle": 45, "axis": "y", "origin": [8, 7, 8]},
			"faces": {
				"north": {"uv": [0, 0, 0, 0], "texture": "#lantern"},
				"east": {"uv": [0, 4.5, 1.5, 6.5], "texture": "#lantern"},
				"south": {"uv": [0, 0, 0, 0], "texture": "#lantern"},
				"west": {"uv": [1.5, 4.5, 0, 6.5], "texture": "#lantern"},
				"up": {"uv": [0, 0, 0, 0], "texture": "#lantern"},
				"down": {"uv": [0, 0, 0, 0], "texture": "#lantern"}
			}
		},
		{
			"from": [6.5, 9, 8],
			"to": [9.5, 16, 8],
			"shade": false,
			"rotation": {"angle": 45, "axis": "y", "origin": [8, 8, 8]},
			"faces": {
				"north": {"uv": [0, 6.5, 1.5, 10], "texture": "#lantern"},
				"east": {"uv": [22, 23, 22, 25], "texture": "#lantern"},
				"south": {"uv": [0, 4.5, 1.5, 8], "texture": "#lantern"},
				"west": {"uv": [25, 23, 25, 25], "texture": "#lantern"},
				"up": {"uv": [25, 23, 22, 23], "texture": "#lantern"},
				"down": {"uv": [28, 23, 25, 23], "texture": "#lantern"}
			}
		},
		{
			"from": [4.5, 0, 4.5],
			"to": [11.5, 8, 11.5],
			"rotation": {"angle": 0, "axis": "y", "origin": [-2, 0, -1]},
			"faces": {
				"north": {"uv": [0, 0.5, 3.5, 4.5], "texture": "#lantern"},
				"east": {"uv": [0, 0.5, 3.5, 4.5], "texture": "#lantern"},
				"south": {"uv": [0, 0.5, 3.5, 4.5], "texture": "#lantern"},
				"west": {"uv": [0, 0.5, 3.5, 4.5], "texture": "#lantern"},
				"up": {"uv": [7, 6, 3.5, 2.5], "texture": "#lantern"},
				"down": {"uv": [10.5, 2.5, 7, 6], "texture": "#lantern", "cullface": "down"}
			}
		},
		{
			"from": [5.5, 8, 5.5],
			"to": [10.5, 9, 10.5],
			"rotation": {"angle": 0, "axis": "y", "origin": [-1, 8, 0]},
			"faces": {
				"north": {"uv": [0.5, 0, 3, 0.5], "texture": "#lantern"},
				"east": {"uv": [0.5, 0, 3, 0.5], "texture": "#lantern"},
				"south": {"uv": [0.5, 0, 3, 0.5], "texture": "#lantern"},
				"west": {"uv": [0.5, 0, 3, 0.5], "texture": "#lantern"},
				"up": {"uv": [6, 2.5, 3.5, 0], "texture": "#lantern"},
				"down": {"uv": [6, 6, 0, 12], "texture": "#lantern", "cullface": "down"}
			}
		}
	]
}