{
	"format_version": "1.21.6",
	"credit": "Made with Blockbench",
	"parent": "block/block",
	"textures": {
		"1": "block/spore_blossom",
		"2": "block/spore_blossom_middle",
		"3": "block/spore_blossom_stem",
		"particle": "block/spore_blossom_leaf",
		"flower": "block/spore_blossom_leaf"
	},
	"elements": [
		{
			"from": [8, 15.7, 0],
			"to": [24, 15.7, 16],
			"shade": false,
			"rotation": {"angle": -35, "axis": "z", "origin": [8, 16, 0]},
			"faces": {
				"up": {"uv": [0, 0, 16, 16], "rotation": 90, "texture": "#flower"},
				"down": {"uv": [0, 16, 16, 0], "rotation": 270, "texture": "#flower"}
			}
		},
		{
			"from": [-8, 15.7, 0],
			"to": [8, 15.7, 16],
			"shade": false,
			"rotation": {"angle": 37.5, "axis": "z", "origin": [8, 16, 0]},
			"faces": {
				"up": {"uv": [0, 0, 16, 16], "rotation": 270, "texture": "#flower"},
				"down": {"uv": [0, 16, 16, 0], "rotation": 90, "texture": "#flower"}
			}
		},
		{
			"from": [0, 15.7, 8],
			"to": [16, 15.7, 24],
			"shade": false,
			"rotation": {"angle": 35, "axis": "x", "origin": [0, 16, 8]},
			"faces": {
				"up": {"uv": [16, 16, 0, 0], "texture": "#flower"},
				"down": {"uv": [16, 0, 0, 16], "texture": "#flower"}
			}
		},
		{
			"from": [0, 15.7, -8],
			"to": [16, 15.7, 8],
			"shade": false,
			"rotation": {"angle": -37.5, "axis": "x", "origin": [0, 16, 8]},
			"faces": {
				"up": {"uv": [0, 0, 16, 16], "texture": "#flower"},
				"down": {"uv": [0, 16, 16, 0], "texture": "#flower"}
			}
		},
		{
			"from": [-11, 10.7, 0],
			"to": [5, 10.7, 16],
			"shade": false,
			"rotation": {"angle": 45, "axis": "z", "origin": [5, 11, 0]},
			"faces": {
				"up": {"uv": [0, 0, 16, 16], "rotation": 270, "texture": "#1"},
				"down": {"uv": [0, 16, 16, 0], "rotation": 90, "texture": "#1"}
			}
		},
		{
			"from": [0, 10.7, 0],
			"to": [16, 10.7, 16],
			"shade": false,
			"rotation": {"angle": 0, "axis": "x", "origin": [0, 11, 0]},
			"faces": {
				"up": {"uv": [16, 16, 0, 0], "texture": "#2"},
				"down": {"uv": [16, 0, 0, 16], "texture": "#2"}
			}
		},
		{
			"from": [-2, 10.7, 8],
			"to": [18, 27, 8],
			"shade": false,
			"rotation": {"angle": -45, "axis": "y", "origin": [8, 18.85, 8]},
			"faces": {
				"north": {"uv": [0, 0, 16, 16], "texture": "#3"},
				"east": {"uv": [0, 0, 16, 16], "texture": "#3"},
				"south": {"uv": [0, 0, 16, 16], "texture": "#3"},
				"west": {"uv": [0, 0, 16, 16], "texture": "#3"},
				"up": {"uv": [16, 16, 0, 0], "rotation": 270, "texture": "#2"},
				"down": {"uv": [16, 0, 0, 16], "rotation": 90, "texture": "#2"}
			}
		},
		{
			"from": [-2, 10.7, 8],
			"to": [18, 27, 8],
			"shade": false,
			"rotation": {"angle": 40, "axis": "y", "origin": [8, 18.85, 8]},
			"faces": {
				"north": {"uv": [0, 0, 16, 16], "texture": "#3"},
				"east": {"uv": [0, 0, 16, 16], "texture": "#3"},
				"south": {"uv": [0, 0, 16, 16], "texture": "#3"},
				"west": {"uv": [0, 0, 16, 16], "texture": "#3"},
				"up": {"uv": [16, 16, 0, 0], "rotation": 90, "texture": "#2"},
				"down": {"uv": [16, 0, 0, 16], "rotation": 270, "texture": "#2"}
			}
		},
		{
			"from": [0, 10.7, 11],
			"to": [16, 10.7, 27],
			"shade": false,
			"rotation": {"angle": 42.5, "axis": "x", "origin": [0, 11, 11]},
			"faces": {
				"up": {"uv": [16, 16, 0, 0], "texture": "#1"},
				"down": {"uv": [16, 0, 0, 16], "texture": "#1"}
			}
		},
		{
			"from": [11, 10.7, 0],
			"to": [27, 10.7, 16],
			"shade": false,
			"rotation": {"angle": -42.5, "axis": "z", "origin": [11, 11, 0]},
			"faces": {
				"up": {"uv": [0, 0, 16, 16], "rotation": 90, "texture": "#1"},
				"down": {"uv": [0, 16, 16, 0], "rotation": 270, "texture": "#1"}
			}
		},
		{
			"from": [0, -5, 5.3],
			"to": [16, 11, 5.3],
			"shade": false,
			"rotation": {"angle": 45, "axis": "x", "origin": [0, 11, 5]},
			"faces": {
				"north": {"uv": [0, 0, 16, 16], "rotation": 180, "texture": "#1"},
				"south": {"uv": [0, 16, 16, 0], "texture": "#1"}
			}
		}
	],
	"display": {
		"thirdperson_righthand": {
			"rotation": [180, 24, 0],
			"translation": [0, 2.5, 0],
			"scale": [0.375, 0.375, 0.375]
		},
		"thirdperson_lefthand": {
			"rotation": [-180, 24, 0],
			"translation": [0, 2.5, 0],
			"scale": [0.375, 0.375, 0.375]
		},
		"firstperson_righthand": {
			"rotation": [-6.68, 46.82, -157.1],
			"translation": [0, 0.75, 0],
			"scale": [0.4, 0.4, 0.4]
		},
		"firstperson_lefthand": {
			"rotation": [-6.68, 46.82, -157.1],
			"translation": [0, 0.75, 0],
			"scale": [0.4, 0.4, 0.4]
		},
		"ground": {
			"rotation": [-180, 0, 0],
			"translation": [0, 3, 0],
			"scale": [0.25, 0.25, 0.25]
		},
		"gui": {
			"rotation": [-128, -135, 0],
			"scale": [0.625, 0.625, 0.625]
		},
		"head": {
			"rotation": [-180, 0, 0],
			"translation": [0, 15.25, 0],
			"scale": [1.36133, 1.36133, 1.36133]
		},
		"fixed": {
			"rotation": [90, 0, 0],
			"translation": [0, 0, -6.75],
			"scale": [1.3457, 1.3457, 1.3457]
		}
	},
	"groups": [
		{
			"name": "group",
			"origin": [8, 16, 0],
			"color": 0,
			"children": [0, 1, 2, 3, 4, 5, 6, 7, 8, 9, 10]
		}
	]
}