{
	"credit": "Made with Blockbench",
	"parent": "block/block",
	"texture_size": [64, 64],
	"textures": {
		"1": "block/anvil",
		"particle": "block/anvil"
	},
	"elements": [
		{
			"from": [2, 0, 2],
			"to": [14, 4, 14],
			"faces": {
				"north": {"uv": [0.5, 3, 3.5, 4], "texture": "#1"},
				"east": {"uv": [0.5, 3, 3.5, 4], "texture": "#1"},
				"south": {"uv": [0.5, 3, 3.5, 4], "texture": "#1"},
				"west": {"uv": [0.5, 3, 3.5, 4], "texture": "#1"},
				"up": {"uv": [3, 7, 0, 4], "texture": "#1"},
				"down": {"uv": [7, 0.5, 4, 3.5], "texture": "#1"}
			}
		},
		{
			"from": [4, 4, 3],
			"to": [12, 5, 13],
			"rotation": {"angle": 0, "axis": "y", "origin": [0, 4, 0]},
			"faces": {
				"north": {"uv": [1, 2.75, 3, 3], "texture": "#1"},
				"east": {"uv": [0.75, 2.75, 3.25, 3], "texture": "#1"},
				"south": {"uv": [1.25, 2.75, 3.25, 3], "texture": "#1"},
				"west": {"uv": [0.75, 2.75, 3.25, 3], "texture": "#1"},
				"up": {"uv": [5, 6.5, 3, 4], "texture": "#1"},
				"down": {"uv": [6.5, 9.5, 4.5, 12], "texture": "#1"}
			}
		},
		{
			"from": [6, 5, 4],
			"to": [10, 10, 12],
			"rotation": {"angle": 0, "axis": "y", "origin": [0, 5, 0]},
			"faces": {
				"north": {"uv": [1.5, 1.5, 2.5, 2.75], "texture": "#1"},
				"east": {"uv": [1, 1.5, 3, 2.75], "texture": "#1"},
				"south": {"uv": [1.5, 1.5, 2.5, 2.75], "texture": "#1"},
				"west": {"uv": [1, 1.5, 3, 2.75], "texture": "#1"},
				"up": {"uv": [12, 11.5, 11, 9.5], "texture": "#1"},
				"down": {"uv": [13, 9.5, 12, 11.5], "texture": "#1"}
			}
		},
		{
			"from": [3, 10, 0],
			"to": [13, 16, 16],
			"rotation": {"angle": 0, "axis": "y", "origin": [0, 11, 0]},
			"faces": {
				"north": {"uv": [0.5, 0, 3, 1.5], "texture": "#1"},
				"east": {"uv": [0, 0, 4, 1.5], "texture": "#1"},
				"south": {"uv": [0.5, 0, 3, 1.5], "texture": "#1"},
				"west": {"uv": [0, 0, 4, 1.5], "texture": "#1"},
				"up": {"uv": [13, 16, 3, 0], "texture": "#top"},
				"down": {"uv": [9.5, 0, 7, 4], "texture": "#1"}
			}
		}
	],
	"display": {
		"fixed": {
			"rotation": [0, 90, 0],
			"scale": [0.5, 0.5, 0.5]
		}
	}
}