{
	"credit": "Made with Blockbench",
	"parent": "block/block",
	"texture_size": [32, 32],
	"textures": {
		"particle": "#lantern"
	},
	"elements": [
		{
			"from": [5, 0, 5],
			"to": [11, 8, 11],
			"faces": {
				"north": {"uv": [1, 0.5, 4, 4.5], "texture": "#lantern"},
				"east": {"uv": [1, 0.5, 4, 4.5], "texture": "#lantern"},
				"south": {"uv": [1, 0.5, 4, 4.5], "texture": "#lantern"},
				"west": {"uv": [1, 0.5, 4, 4.5], "texture": "#lantern"},
				"up": {"uv": [8, 5, 5, 2], "texture": "#lantern"},
				"down": {"uv": [11, 2, 8, 5], "texture": "#lantern", "cullface": "down"}
			}
		},
		{
			"from": [6, 8, 6],
			"to": [10, 9, 10],
			"rotation": {"angle": 0, "axis": "y", "origin": [0, 8, 0]},
			"faces": {
				"north": {"uv": [1.5, 0, 3.5, 0.5], "texture": "#lantern"},
				"east": {"uv": [1.5, 0, 3.5, 0.5], "texture": "#lantern"},
				"south": {"uv": [1.5, 0, 3.5, 0.5], "texture": "#lantern"},
				"west": {"uv": [1.5, 0, 3.5, 0.5], "texture": "#lantern"},
				"up": {"uv": [7, 2, 5, 0], "texture": "#lantern"},
				"down": {"uv": [3, 3, 0, 6], "texture": "#lantern", "cullface": "down"}
			}
		},
		{
			"from": [6.5, 9, 8],
			"to": [9.5, 12, 8],
			"shade": false,
			"rotation": {"angle": 45, "axis": "y", "origin": [8, 8, 8]},
			"faces": {
				"north": {"uv": [0, 8.5, 1.5, 10], "texture": "#lantern"},
				"east": {"uv": [11, 11.5, 11, 12.5], "texture": "#lantern"},
				"south": {"uv": [0, 8.5, 1.5, 10], "texture": "#lantern"},
				"west": {"uv": [12.5, 11.5, 12.5, 12.5], "texture": "#lantern"},
				"up": {"uv": [12.5, 11.5, 11, 11.5], "texture": "#lantern"},
				"down": {"uv": [14, 11.5, 12.5, 11.5], "texture": "#lantern"}
			}
		}
	]
}