{
	"credit": "Made with Blockbench",
	"parent": "block/block",
	"textures": {
		"particle": "#lantern"
	},
	"elements": [
		{
			"from": [8, 10, 6.5],
			"to": [8, 14, 9.5],
			"shade": false,
			"rotation": {"angle": 45, "axis": "y", "origin": [8, 7, 8]},
			"faces": {
				"north": {"uv": [0, 0, 0, 0], "texture": "#lantern"},
				"east": {"uv": [0, 4.5, 1.5, 6.5], "texture": "#lantern"},
				"south": {"uv": [0, 0, 0, 0], "texture": "#lantern"},
				"west": {"uv": [1.5, 4.5, 0, 6.5], "texture": "#lantern"},
				"up": {"uv": [0, 0, 0, 0], "texture": "#lantern"},
				"down": {"uv": [0, 0, 0, 0], "texture": "#lantern"}
			}
		},
		{
			"from": [6, 8, 6],
			"to": [10, 9, 10],
			"rotation": {"angle": 0, "axis": "y", "origin": [0, 8, 0]},
			"faces": {
				"north": {"uv": [1.5, 0, 3.5, 0.5], "texture": "#lantern"},
				"east": {"uv": [1.5, 0, 3.5, 0.5], "texture": "#lantern"},
				"south": {"uv": [1.5, 0, 3.5, 0.5], "texture": "#lantern"},
				"west": {"uv": [1.5, 0.5, 3.5, 0], "texture": "#lantern"},
				"up": {"uv": [7, 2, 5, 0], "texture": "#lantern"},
				"down": {"uv": [6, 6, 0, 12], "texture": "#lantern", "cullface": "down"}
			}
		},
		{
			"from": [6.5, 9, 8],
			"to": [9.5, 16, 8],
			"shade": false,
			"rotation": {"angle": 45, "axis": "y", "origin": [8, 8, 8]},
			"faces": {
				"north": {"uv": [0, 6.5, 1.5, 10], "texture": "#lantern"},
				"east": {"uv": [22, 23, 22, 25], "texture": "#lantern"},
				"south": {"uv": [0, 4.5, 1.5, 8], "texture": "#lantern"},
				"west": {"uv": [25, 23, 25, 25], "texture": "#lantern"},
				"up": {"uv": [25, 23, 22, 23], "texture": "#lantern"},
				"down": {"uv": [28, 23, 25, 23], "texture": "#lantern"}
			}
		},
		{
			"from": [5, 0, 5],
			"to": [11, 8, 11],
			"faces": {
				"north": {"uv": [1, 0.5, 4, 4.5], "texture": "#lantern"},
				"east": {"uv": [1, 0.5, 4, 4.5], "texture": "#lantern"},
				"south": {"uv": [1, 0.5, 4, 4.5], "texture": "#lantern"},
				"west": {"uv": [1, 0.5, 4, 4.5], "texture": "#lantern"},
				"up": {"uv": [8, 5, 5, 2], "texture": "#lantern"},
				"down": {"uv": [11, 2, 8, 5], "texture": "#lantern", "cullface": "down"}
			}
		}
	]
}