{
	"format_version": "1.21.6",
	"credit": "Made with Blockbench",
	"textures": {
		"bottom": "block/cake_bottom",
		"top": "block/cake_top",
		"particle": "block/cake_side",
		"side": "block/cake_side"
	},
	"elements": [
		{
			"from": [1, 0, 1],
			"to": [15, 8, 15],
			"faces": {
				"north": {"uv": [1, 8, 15, 16], "texture": "#side"},
				"east": {"uv": [1, 8, 15, 16], "texture": "#side"},
				"south": {"uv": [1, 8, 15, 16], "texture": "#side"},
				"west": {"uv": [1, 8, 15, 16], "texture": "#side"},
				"up": {"uv": [1, 1, 15, 15], "texture": "#top"},
				"down": {"uv": [1, 1, 15, 15], "texture": "#bottom", "cullface": "down"}
			}
		},
		{
			"from": [6.5, 8, 6.5],
			"to": [9.5, 14, 9.5],
			"faces": {
				"north": {"uv": [0, 8, 3, 14], "texture": "#candle"},
				"east": {"uv": [0, 8, 3, 14], "texture": "#candle"},
				"south": {"uv": [0, 8, 3, 14], "texture": "#candle"},
				"west": {"uv": [0, 8, 3, 14], "texture": "#candle"},
				"up": {"uv": [3, 13, 6, 16], "texture": "#candle"},
				"down": {"uv": [0, 13, 3, 16], "texture": "#candle", "cullface": "down"}
			}
		},
		{
			"from": [7.5, 14, 8],
			"to": [8.5, 15, 8],
			"rotation": {"angle": -45, "axis": "y", "origin": [8, 14, 8]},
			"faces": {
				"north": {"uv": [1, 7, 2, 8], "texture": "#candle"},
				"east": {"uv": [1, 2, 1, 2], "texture": "#candle"},
				"south": {"uv": [1, 7, 2, 8], "texture": "#candle"},
				"west": {"uv": [1, 2, 1, 2], "texture": "#candle"},
				"up": {"uv": [0, 0, 0, 0], "texture": "#candle"},
				"down": {"uv": [0, 0, 0, 0], "texture": "#candle"}
			}
		},
		{
			"from": [7.5, 14, 8],
			"to": [8.5, 15, 8],
			"rotation": {"angle": 45, "axis": "y", "origin": [8, 14, 8]},
			"faces": {
				"north": {"uv": [1, 7, 2, 8], "texture": "#candle"},
				"east": {"uv": [1, 2, 1, 2], "texture": "#candle"},
				"south": {"uv": [1, 7, 2, 8], "texture": "#candle"},
				"west": {"uv": [1, 2, 1, 2], "texture": "#candle"},
				"up": {"uv": [0, 0, 0, 0], "texture": "#candle"},
				"down": {"uv": [0, 0, 0, 0], "texture": "#candle"}
			}
		}
	]
}