{
	"format_version": "1.21.6",
	"credit": "Made with Blockbench",
	"ambientocclusion": false,
	"textures": {
		"particle": "#cross"
	},
	"elements": [
		{
			"from": [-3.2, 0, 7],
			"to": [28.8, 32, 7],
			"shade": false,
			"rotation": {"angle": 45, "axis": "y", "origin": [13, 15, 12], "rescale": true},
			"faces": {
				"north": {"uv": [0, 0, 16, 16], "texture": "#cross", "tintindex": 0},
				"south": {"uv": [0, 0, 16, 16], "texture": "#cross", "tintindex": 0}
			}
		},
		{
			"from": [6, 0, -9.2],
			"to": [6, 32, 22.8],
			"shade": false,
			"rotation": {"angle": 45, "axis": "y", "origin": [6, 15, 5], "rescale": true},
			"faces": {
				"east": {"uv": [0, 0, 16, 16], "texture": "#cross", "tintindex": 0},
				"west": {"uv": [0, 0, 16, 16], "texture": "#cross", "tintindex": 0}
			}
		}
	]
}