{
	"format_version": "1.21.6",
	"credit": "Made with Blockbench",
	"parent": "block/block",
	"texture_size": [32, 32],
	"textures": {
		"particle": "block/weathered_copper_lantern",
		"lantern": "block/weathered_copper_lantern"
	},
	"elements": [
		{
			"from": [6, 0, 6],
			"to": [10, 8, 10],
			"faces": {
				"north": {"uv": [1, 0.5, 3, 4.5], "texture": "#lantern"},
				"east": {"uv": [1, 0.5, 3, 4.5], "texture": "#lantern"},
				"south": {"uv": [1, 0.5, 3, 4.5], "texture": "#lantern"},
				"west": {"uv": [1, 0.5, 3, 4.5], "texture": "#lantern"},
				"up": {"uv": [6, 3, 4, 1], "texture": "#lantern"},
				"down": {"uv": [6, 3, 4, 5], "texture": "#lantern", "cullface": "down"}
			}
		},
		{
			"from": [10, 0, 8],
			"to": [12, 8, 8],
			"faces": {
				"north": {"uv": [0, 0.5, 1, 4.5], "texture": "#lantern"},
				"east": {"uv": [0, 0.5, 2, 4.5], "texture": "#lantern"},
				"south": {"uv": [1, 0.5, 0, 4.5], "texture": "#lantern"},
				"west": {"uv": [1, 0.5, 3, 4.5], "texture": "#lantern"},
				"up": {"uv": [6, 3, 4, 1], "texture": "#lantern"},
				"down": {"uv": [6, 3, 4, 5], "texture": "#lantern", "cullface": "down"}
			}
		},
		{
			"from": [4, 0, 8],
			"to": [6, 8, 8],
			"rotation": {"angle": 0, "axis": "y", "origin": [-6, 0, 0]},
			"faces": {
				"north": {"uv": [1, 0.5, 0, 4.5], "texture": "#lantern"},
				"east": {"uv": [0, 0.5, 2, 4.5], "texture": "#lantern"},
				"south": {"uv": [0, 0.5, 1, 4.5], "texture": "#lantern"},
				"west": {"uv": [1, 0.5, 3, 4.5], "texture": "#lantern"},
				"up": {"uv": [6, 3, 4, 1], "texture": "#lantern"},
				"down": {"uv": [6, 3, 4, 5], "texture": "#lantern", "cullface": "down"}
			}
		},
		{
			"from": [7, 8, 7],
			"to": [9, 9, 9],
			"rotation": {"angle": 0, "axis": "y", "origin": [0, 8, 1]},
			"faces": {
				"north": {"uv": [1.5, 0, 2.5, 0.5], "texture": "#lantern"},
				"east": {"uv": [1.5, 0, 2.5, 0.5], "texture": "#lantern"},
				"south": {"uv": [1.5, 0, 2.5, 0.5], "texture": "#lantern"},
				"west": {"uv": [1.5, 0, 2.5, 0.5], "texture": "#lantern"},
				"up": {"uv": [5, 1, 4, 0], "texture": "#lantern"},
				"down": {"uv": [5, 0, 4, 1], "texture": "#lantern", "cullface": "down"}
			}
		},
		{
			"from": [6.5, 9, 8],
			"to": [9.5, 12, 8],
			"shade": false,
			"rotation": {"angle": 45, "axis": "y", "origin": [8, 8, 8]},
			"faces": {
				"north": {"uv": [0, 8.5, 1.5, 10], "texture": "#lantern"},
				"east": {"uv": [11, 11.5, 11, 12.5], "texture": "#lantern"},
				"south": {"uv": [0, 8.5, 1.5, 10], "texture": "#lantern"},
				"west": {"uv": [12.5, 11.5, 12.5, 12.5], "texture": "#lantern"},
				"up": {"uv": [12.5, 11.5, 11, 11.5], "texture": "#lantern"},
				"down": {"uv": [14, 11.5, 12.5, 11.5], "texture": "#lantern"}
			}
		}
	]
}