{
	"format_version": "1.21.6",
	"credit": "Made with Blockbench",
	"ambientocclusion": false,
	"textures": {
		"particle": "block/wildflowers",
		"flowerbed": "block/wildflowers",
		"stem": "block/wildflowers_stem"
	},
	"elements": [
		{
			"from": [0, 2.99, 0],
			"to": [8, 2.99, 8],
			"faces": {
				"up": {"uv": [0, 0, 8, 8], "texture": "#flowerbed"},
				"down": {"uv": [0, 8, 8, 0], "texture": "#flowerbed"}
			}
		},
		{
			"from": [1.25, 0, -2.6],
			"to": [1.25, 2.99, -1.6],
			"rotation": {"angle": -45, "axis": "y", "origin": [-3, 0, 0]},
			"faces": {
				"east": {"uv": [0, 4, 1, 7], "texture": "#stem", "tintindex": 1},
				"west": {"uv": [0, 4, 1, 7], "texture": "#stem", "tintindex": 1}
			}
		},
		{
			"from": [0.75, 0, -2.1],
			"to": [1.75, 2.99, -2.1],
			"rotation": {"angle": -45, "axis": "y", "origin": [-3, 0, 0]},
			"faces": {
				"north": {"uv": [0, 4, 1, 7], "texture": "#stem", "tintindex": 1},
				"south": {"uv": [0, 4, 1, 7], "texture": "#stem", "tintindex": 1}
			}
		},
		{
			"from": [4.9, 0, 3.3],
			"to": [4.9, 2.99, 4.3],
			"rotation": {"angle": -45, "axis": "y", "origin": [0, 0, 1]},
			"faces": {
				"east": {"uv": [0, 4, 1, 7], "texture": "#stem", "tintindex": 1},
				"west": {"uv": [0, 4, 1, 7], "texture": "#stem", "tintindex": 1}
			}
		},
		{
			"from": [4.4, 0, 3.8],
			"to": [5.4, 2.99, 3.8],
			"rotation": {"angle": -45, "axis": "y", "origin": [0, 0, 1]},
			"faces": {
				"north": {"uv": [0, 4, 1, 7], "texture": "#stem", "tintindex": 1},
				"south": {"uv": [0, 4, 1, 7], "texture": "#stem", "tintindex": 1}
			}
		},
		{
			"from": [7.15, 0, -2.45],
			"to": [7.15, 2.99, -1.45],
			"rotation": {"angle": -45, "axis": "y", "origin": [-2, 0, -2]},
			"faces": {
				"east": {"uv": [0, 4, 1, 7], "texture": "#stem", "tintindex": 1},
				"west": {"uv": [0, 4, 1, 7], "texture": "#stem", "tintindex": 1}
			}
		},
		{
			"from": [6.65, 0, -1.95],
			"to": [7.65, 2.99, -1.95],
			"rotation": {"angle": -45, "axis": "y", "origin": [-2, 0, -2]},
			"faces": {
				"north": {"uv": [0, 4, 1, 7], "texture": "#stem", "tintindex": 1},
				"south": {"uv": [0, 4, 1, 7], "texture": "#stem", "tintindex": 1}
			}
		}
	]
}